Source,Target,Weight,edges_1,edges_2,edges_3,edges_4,edges_5,edges_6,edges_7
0,1,974,32,146,69,165,139,137,286
2,3,6,5,0,0,0,0,0,1
2,0,243,83,20,19,27,59,4,31
5,6,1,1,0,0,0,0,0,0
5,0,9,9,0,0,0,0,0,0
7,4,280,66,36,30,47,69,14,18
2,4,162,59,16,10,33,37,3,4
2,7,104,23,9,6,16,31,4,15
0,4,548,117,65,81,101,120,26,38
8,4,4,3,0,0,0,1,0,0
9,1,74,3,4,6,11,14,19,17
10,4,42,5,0,0,4,7,22,4
10,12,96,20,19,6,17,19,11,4
12,1,8,1,0,1,0,3,0,3
10,1,301,9,14,11,33,58,134,42
13,12,18,1,6,2,1,3,5,0
10,13,20,3,8,8,1,0,0,0
14,1,7,1,0,0,0,0,0,6
15,1,15,2,0,7,0,0,1,5
14,16,2,2,0,0,0,0,0,0
10,14,29,3,2,0,0,1,0,23
15,12,3,3,0,0,0,0,0,0
10,0,1748,66,95,74,343,306,570,294
0,12,339,42,51,41,43,102,35,25
10,3,158,32,24,6,43,21,31,1
9,12,23,3,2,2,3,10,3,0
9,0,1091,66,84,116,153,274,192,206
3,0,1036,185,81,123,182,208,143,114
10,11,199,5,2,25,34,77,41,15
10,7,28,3,0,0,3,0,18,4
3,12,27,11,0,5,5,0,6,0
0,17,75,1,0,9,0,41,4,20
3,18,50,10,0,2,17,16,5,0
11,18,31,2,0,9,8,12,0,0
3,11,71,10,7,18,11,16,7,2
8,12,9,5,1,0,0,3,0,0
0,7,251,46,32,39,51,44,15,24
2,11,2,2,0,0,0,0,0,0
20,0,24,5,0,0,0,19,0,0
9,4,34,9,1,0,0,13,0,11
9,7,12,4,4,0,0,3,0,1
9,2,24,6,1,0,0,5,0,12
2,20,4,1,0,0,0,3,0,0
20,4,10,1,0,0,2,7,0,0
20,7,11,9,0,0,0,2,0,0
2,21,3,3,0,0,0,0,0,0
19,4,33,6,0,27,0,0,0,0
22,19,1,1,0,0,0,0,0,0
22,0,127,3,0,0,42,6,18,58
22,4,1,1,0,0,0,0,0,0
22,7,2,2,0,0,0,0,0,0
23,19,2,2,0,0,0,0,0,0
2,19,12,3,0,8,0,1,0,0
0,19,42,4,0,38,0,0,0,0
11,4,42,4,1,7,15,2,12,1
8,2,2,1,0,0,0,1,0,0
2,24,2,2,0,0,0,0,0,0
23,24,9,6,0,0,3,0,0,0
4,24,29,28,0,0,1,0,0,0
0,11,1128,25,46,267,246,400,63,81
3,24,280,65,11,39,48,74,28,15
0,24,276,55,18,42,63,46,38,14
3,4,28,23,0,0,5,0,0,0
23,3,25,3,3,6,5,1,5,2
23,0,114,6,5,20,7,41,16,19
3,25,3,3,0,0,0,0,0,0
3,7,19,13,0,0,4,0,0,2
10,26,4,1,0,0,0,1,0,2
8,3,30,4,2,1,3,13,6,1
15,4,3,3,0,0,0,0,0,0
16,4,4,4,0,0,0,0,0,0
8,0,200,14,20,20,31,56,25,34
10,24,32,6,1,4,3,5,13,0
9,24,68,19,1,5,7,20,16,0
23,1,20,3,0,2,1,7,6,1
27,24,1,1,0,0,0,0,0,0
7,24,4,2,0,0,2,0,0,0
1,24,11,4,1,0,0,0,6,0
9,3,125,34,4,9,26,28,12,12
9,11,116,6,0,55,17,33,4,1
28,0,35,9,4,1,2,0,0,19
28,24,3,3,0,0,0,0,0,0
0,29,78,4,1,5,19,28,15,6
30,3,10,2,8,0,0,0,0,0
30,10,15,1,3,0,7,4,0,0
3,1,42,2,7,2,7,2,7,15
32,0,12,1,0,0,0,0,0,11
0,33,81,77,0,0,0,2,2,0
3,33,10,10,0,0,0,0,0,0
33,18,2,1,0,0,0,1,0,0
0,18,396,4,6,30,77,131,63,85
28,3,7,5,0,0,0,0,0,2
34,3,3,3,0,0,0,0,0,0
10,34,2,2,0,0,0,0,0,0
34,0,81,4,0,0,0,0,0,77
28,34,8,1,0,0,0,0,0,7
2,35,2,2,0,0,0,0,0,0
35,11,1,1,0,0,0,0,0,0
37,36,17,10,0,1,1,2,1,2
0,37,50,6,7,2,11,14,2,8
3,37,7,5,1,0,1,0,0,0
36,1,14,1,9,0,0,0,3,1
3,36,4,2,2,0,0,0,0,0
0,36,172,29,40,20,13,23,35,12
9,18,53,3,0,8,7,16,11,8
3,38,9,8,0,0,1,0,0,0
9,38,7,5,0,0,0,0,0,2
0,38,60,20,0,0,11,0,0,29
38,1,17,2,0,0,0,0,1,14
9,33,3,2,0,0,0,1,0,0
39,7,3,3,0,0,0,0,0,0
0,39,137,8,11,27,47,33,6,5
39,4,8,1,2,5,0,0,0,0
40,41,26,1,18,4,0,0,3,0
0,41,164,13,24,36,45,29,4,13
42,43,254,8,29,17,69,103,17,11
0,44,3680,287,411,466,542,726,568,680
42,0,420,32,52,50,87,125,36,38
41,44,88,5,22,29,12,12,1,7
9,44,403,42,54,36,58,74,64,75
9,40,52,1,11,0,2,11,16,11
9,43,45,3,2,4,16,13,4,3
43,0,274,9,39,33,72,83,16,22
0,27,45,2,1,1,11,2,12,16
42,44,217,6,20,20,58,75,24,14
47,44,3,3,0,0,0,0,0,0
22,48,19,5,2,0,9,1,1,1
22,41,40,5,6,0,28,1,0,0
22,42,31,4,3,0,10,2,2,10
48,43,4,4,0,0,0,0,0,0
22,44,59,4,0,1,22,0,8,24
41,49,2,1,0,1,0,0,0,0
23,49,3,2,0,1,0,0,0,0
2,44,5,2,3,0,0,0,0,0
44,1,138,17,9,5,9,32,12,54
10,44,225,19,22,10,34,62,38,40
10,50,34,2,0,0,0,0,0,32
10,5,3,3,0,0,0,0,0,0
9,10,175,13,4,6,33,37,50,32
43,44,116,3,5,4,36,45,16,7
8,44,71,3,12,20,9,18,7,2
49,44,118,9,1,97,3,0,0,8
0,51,2906,164,213,383,455,681,383,627
51,44,1924,102,151,258,307,378,310,418
10,52,4,2,0,0,0,0,2,0
45,52,1,1,0,0,0,0,0,0
23,9,24,3,1,3,2,6,2,7
9,52,2,2,0,0,0,0,0,0
1,18,20,2,0,0,1,11,1,5
49,18,2,2,0,0,0,0,0,0
0,49,187,8,3,88,62,6,0,20
48,0,52,12,0,0,34,2,3,1
48,28,2,2,0,0,0,0,0,0
48,44,29,16,0,0,5,1,6,1
22,28,14,3,0,1,5,0,1,4
28,29,6,6,0,0,0,0,0,0
9,28,5,4,0,0,0,0,0,1
23,28,1,1,0,0,0,0,0,0
51,45,98,22,1,9,14,43,3,6
0,45,336,56,22,31,38,123,37,29
53,54,50,4,13,10,4,6,11,2
53,0,144,9,23,27,24,25,14,22
3,44,294,44,36,55,60,59,21,19
0,55,769,61,114,116,57,106,223,92
53,55,99,11,12,9,26,13,13,15
54,55,88,15,6,14,15,11,11,16
53,9,35,3,9,0,7,7,4,5
54,49,8,8,0,0,0,0,0,0
55,49,6,4,0,2,0,0,0,0
55,44,295,42,49,46,63,26,42,27
55,1,58,2,9,9,2,4,11,21
44,11,244,14,11,106,44,59,1,9
3,45,21,13,0,0,1,3,0,4
28,4,3,2,1,0,0,0,0,0
45,44,123,26,8,14,20,46,4,5
41,36,8,1,4,0,2,0,1,0
41,56,46,1,5,5,16,10,8,1
52,11,8,3,0,0,1,2,0,2
0,52,54,2,2,15,12,6,4,13
44,36,52,5,19,9,8,9,2,0
12,44,89,17,15,26,13,10,8,0
57,44,17,1,7,0,5,3,1,0
57,58,1,1,0,0,0,0,0,0
33,60,24,23,0,0,0,0,0,1
10,60,265,17,1,32,44,25,77,69
10,56,62,2,12,0,3,22,9,14
10,41,30,1,0,10,10,9,0,0
33,36,1,1,0,0,0,0,0,0
55,60,127,12,15,16,8,20,49,7
0,60,1060,96,68,137,167,243,239,110
61,33,1,1,0,0,0,0,0,0
51,12,77,8,8,30,11,8,10,2
33,58,3,3,0,0,0,0,0,0
33,56,2,2,0,0,0,0,0,0
0,59,67,6,8,8,20,13,9,3
36,59,25,7,6,7,0,1,0,4
3,39,11,2,0,1,3,2,0,3
64,60,13,4,3,0,2,0,1,3
53,64,2,2,0,0,0,0,0,0
64,54,3,3,0,0,0,0,0,0
53,60,6,2,0,0,0,0,4,0
11,60,196,1,7,48,31,65,21,23
3,60,64,19,1,0,15,2,25,2
9,55,105,8,14,11,15,12,38,7
60,4,5,5,0,0,0,0,0,0
51,60,187,30,13,42,23,16,57,6
9,51,367,20,16,24,79,95,59,74
0,58,102,14,4,11,12,39,14,8
51,58,34,4,6,5,7,10,1,1
9,60,94,10,4,21,7,19,19,14
55,11,37,1,4,8,1,8,6,9
45,58,25,1,6,2,1,9,2,4
58,60,10,1,1,4,0,2,2,0
44,60,220,44,40,32,27,19,42,16
45,60,46,5,5,20,9,5,2,0
42,60,7,1,0,0,0,6,0,0
43,60,8,2,0,0,0,4,0,2
42,3,18,2,0,0,2,3,2,9
65,3,73,6,7,6,12,34,6,2
3,56,13,2,2,3,0,0,1,5
44,56,213,7,16,22,47,70,20,31
65,0,70,13,25,2,9,3,11,7
65,44,25,3,19,0,0,0,0,3
0,61,31,11,10,1,3,6,0,0
65,61,1,1,0,0,0,0,0,0
61,24,2,2,0,0,0,0,0,0
28,44,8,2,3,0,0,0,0,3
2,55,1,1,0,0,0,0,0,0
2,59,2,2,0,0,0,0,0,0
55,59,26,4,3,5,6,4,2,2
66,44,12,1,3,6,0,2,0,0
67,0,75,4,1,0,12,16,25,17
3,55,105,16,4,55,12,16,2,0
45,36,4,1,0,2,1,0,0,0
55,45,35,13,1,0,0,19,2,0
53,44,128,14,32,39,13,11,13,6
47,0,13,6,4,3,0,0,0,0
0,68,21,4,3,11,0,3,0,0
68,45,3,3,0,0,0,0,0,0
68,55,4,1,0,0,0,3,0,0
45,59,2,2,0,0,0,0,0,0
69,59,8,3,0,1,2,2,0,0
55,69,22,2,0,1,3,1,15,0
55,18,43,2,1,6,5,8,21,0
54,0,120,7,21,15,28,28,11,10
64,21,8,8,0,0,0,0,0,0
64,0,58,8,6,8,6,10,8,12
64,12,8,1,0,2,0,2,0,3
12,21,9,7,0,2,0,0,0,0
0,21,125,31,25,44,6,7,4,8
36,60,21,2,3,1,3,1,3,8
12,36,13,4,1,3,0,0,0,5
21,44,27,4,0,10,4,6,0,3
48,42,7,1,0,0,5,1,0,0
42,55,24,2,6,4,0,12,0,0
53,42,7,3,0,0,0,4,0,0
42,54,5,4,0,0,1,0,0,0
54,44,88,10,19,28,13,6,3,9
67,44,47,5,1,3,2,4,17,15
9,36,11,3,4,0,0,0,2,2
61,44,12,6,6,0,0,0,0,0
13,45,5,1,0,0,0,2,2,0
9,45,35,8,1,5,3,11,3,4
51,33,5,3,0,0,0,0,2,0
33,44,6,5,0,0,0,0,1,0
55,61,2,1,1,0,0,0,0,0
8,45,6,3,0,3,0,0,0,0
55,56,69,2,28,8,17,8,6,0
64,44,18,4,1,5,3,3,2,0
55,12,20,5,0,1,2,2,10,0
21,11,8,4,0,2,1,0,1,0
64,45,9,4,0,0,4,0,1,0
64,58,4,2,0,0,0,0,2,0
9,64,6,3,1,2,0,0,0,0
64,51,18,3,1,2,8,4,0,0
0,71,8,2,0,0,0,6,0,0
8,41,4,1,1,0,0,0,0,2
41,60,8,4,0,4,0,0,0,0
12,60,70,8,15,6,10,5,7,19
12,33,6,6,0,0,0,0,0,0
10,51,233,8,9,29,29,51,44,63
67,49,2,2,0,0,0,0,0,0
67,51,24,1,0,0,2,2,6,13
21,36,22,1,7,14,0,0,0,0
43,21,13,2,9,2,0,0,0,0
42,21,21,2,1,14,2,0,0,2
70,56,3,2,0,1,0,0,0,0
12,56,27,2,11,0,6,4,4,0
72,59,1,1,0,0,0,0,0,0
72,36,5,2,0,0,0,3,0,0
42,47,10,3,2,3,1,1,0,0
42,72,2,2,0,0,0,0,0,0
51,59,17,1,2,5,3,2,4,0
3,59,9,2,0,1,6,0,0,0
3,51,319,35,11,69,58,103,31,12
9,21,10,1,3,4,1,0,1,0
0,70,29,2,3,0,12,3,1,8
67,66,2,1,0,1,0,0,0,0
67,3,6,1,0,0,1,4,0,0
3,46,7,3,0,0,0,2,0,2
46,36,4,1,0,3,0,0,0,0
3,58,2,1,0,0,1,0,0,0
60,24,11,5,0,0,0,0,6,0
64,3,7,2,0,1,3,1,0,0
44,18,172,2,2,24,43,48,22,31
64,18,2,2,0,0,0,0,0,0
5,24,3,3,0,0,0,0,0,0
5,3,3,3,0,0,0,0,0,0
5,51,4,4,0,0,0,0,0,0
5,44,12,12,0,0,0,0,0,0
5,60,4,1,0,0,0,0,0,3
44,4,42,6,10,9,8,5,0,4
42,56,82,1,10,4,10,24,20,13
43,56,87,2,6,9,15,27,13,15
42,41,47,2,9,7,17,5,2,5
64,41,1,1,0,0,0,0,0,0
3,41,6,2,1,3,0,0,0,0
43,41,31,2,9,7,7,3,0,3
23,44,64,1,10,16,11,12,8,6
61,60,5,1,0,0,4,0,0,0
21,60,1,1,0,0,0,0,0,0
28,60,4,2,0,0,0,0,0,2
44,59,32,3,8,4,0,13,4,0
37,60,2,2,0,0,0,0,0,0
47,60,7,2,0,0,0,0,0,5
37,55,5,2,0,0,0,1,2,0
45,56,9,1,0,2,0,0,2,4
54,60,6,1,1,0,0,0,4,0
51,71,2,1,0,0,0,1,0,0
51,55,193,12,18,17,45,33,38,30
42,36,15,1,7,5,1,1,0,0
43,36,7,2,1,0,2,2,0,0
10,18,37,1,0,0,0,17,14,5
18,24,32,11,0,2,2,14,2,1
60,18,31,3,0,0,6,11,10,1
44,24,35,6,0,5,12,6,3,3
51,24,80,13,0,5,17,35,6,4
39,44,25,3,5,4,8,5,0,0
3,6,9,6,0,0,0,2,0,1
6,44,7,7,0,0,0,0,0,0
10,6,2,2,0,0,0,0,0,0
48,51,6,3,0,0,2,0,1,0
0,6,10,10,0,0,0,0,0,0
48,39,2,2,0,0,0,0,0,0
51,6,5,5,0,0,0,0,0,0
13,55,6,1,2,0,0,0,3,0
0,13,76,4,19,28,12,1,12,0
13,44,31,1,14,9,1,1,5,0
48,6,3,3,0,0,0,0,0,0
55,6,5,5,0,0,0,0,0,0
65,55,3,3,0,0,0,0,0,0
55,36,59,4,21,17,9,5,3,0
45,6,2,2,0,0,0,0,0,0
65,24,11,4,3,0,0,1,2,1
0,73,13,11,0,0,0,2,0,0
3,73,10,10,0,0,0,0,0,0
51,73,6,6,0,0,0,0,0,0
73,18,7,7,0,0,0,0,0,0
73,24,5,5,0,0,0,0,0,0
73,11,2,2,0,0,0,0,0,0
74,24,18,1,0,0,0,5,0,12
74,0,20,12,0,0,0,6,0,2
65,51,15,2,0,5,0,7,0,1
74,73,5,5,0,0,0,0,0,0
75,0,26,14,0,0,0,12,0,0
74,75,8,5,0,0,0,3,0,0
75,73,1,1,0,0,0,0,0,0
75,3,24,3,0,0,0,21,0,0
60,1,124,5,0,1,5,22,36,55
75,44,7,3,0,0,0,4,0,0
74,1,4,4,0,0,0,0,0,0
75,1,2,2,0,0,0,0,0,0
51,1,93,4,5,2,2,28,3,49
74,10,3,3,0,0,0,0,0,0
63,0,19,1,7,0,2,9,0,0
74,3,9,3,0,0,0,5,0,1
0,56,620,4,35,65,116,216,98,86
4,1,15,2,0,0,5,6,2,0
46,44,3,1,0,0,0,2,0,0
9,39,12,1,3,3,4,0,0,1
0,62,28,2,5,1,6,4,4,6
21,62,6,2,2,0,0,0,2,0
51,62,8,3,1,0,0,3,1,0
51,18,158,2,0,8,42,47,29,30
21,18,7,3,0,1,0,3,0,0
51,11,243,9,3,80,35,88,10,18
64,62,9,1,1,1,1,2,2,1
12,62,10,2,0,0,0,4,1,3
10,39,10,1,0,0,2,4,1,2
39,60,2,2,0,0,0,0,0,0
10,33,8,5,0,0,0,0,0,3
33,1,5,4,0,0,0,1,0,0
0,76,11,1,1,6,0,0,3,0
42,33,1,1,0,0,0,0,0,0
10,55,97,2,25,1,7,2,53,7
5,33,3,3,0,0,0,0,0,0
52,36,19,1,3,6,5,4,0,0
13,52,3,1,2,0,0,0,0,0
37,52,22,1,2,5,5,6,3,0
10,36,32,8,5,2,7,3,5,2
10,59,2,1,0,0,1,0,0,0
10,37,9,2,0,0,2,5,0,0
27,45,2,1,0,0,0,0,1,0
54,27,1,1,0,0,0,0,0,0
40,56,66,1,6,0,6,14,21,18
7,56,22,4,0,0,16,2,0,0
77,0,419,0,147,0,151,45,48,28
77,78,4,0,4,0,0,0,0,0
79,30,1,0,1,0,0,0,0,0
30,36,2,0,2,0,0,0,0,0
30,77,3,0,3,0,0,0,0,0
30,0,22,0,4,2,4,10,2,0
2,80,3,0,3,0,0,0,0,0
80,7,12,0,12,0,0,0,0,0
80,4,6,0,6,0,0,0,0,0
0,80,8,0,8,0,0,0,0,0
39,51,26,0,2,0,10,14,0,0
2,51,3,0,3,0,0,0,0,0
77,9,31,0,11,0,17,3,0,0
77,4,8,0,8,0,0,0,0,0
77,7,6,0,6,0,0,0,0,0
77,51,38,0,9,0,15,8,4,2
77,1,15,0,15,0,0,0,0,0
77,44,38,0,12,0,10,0,2,14
8,77,4,0,4,0,0,0,0,0
77,10,41,0,8,0,29,2,0,2
77,2,4,0,4,0,0,0,0,0
42,4,5,0,4,0,1,0,0,0
42,7,6,0,3,0,3,0,0,0
7,44,14,0,5,2,5,1,0,1
43,7,4,0,2,0,2,0,0,0
43,4,6,0,3,0,3,0,0,0
43,39,2,0,2,0,0,0,0,0
0,81,37,0,5,0,2,11,2,17
42,1,4,0,1,0,0,3,0,0
42,18,34,0,2,0,6,19,6,1
77,55,36,0,13,0,13,0,8,2
23,41,10,0,4,0,3,3,0,0
23,42,43,0,6,1,7,16,7,6
48,56,19,0,4,0,13,0,0,2
83,9,11,0,3,2,2,1,3,0
40,44,200,0,30,11,14,52,70,23
40,0,392,0,53,11,7,145,119,57
40,18,31,0,3,0,3,12,2,11
78,56,7,0,5,0,0,2,0,0
0,78,143,0,137,0,0,6,0,0
9,42,72,0,3,11,12,33,7,6
42,78,2,0,2,0,0,0,0,0
84,56,9,0,1,0,0,8,0,0
23,56,17,0,1,0,8,8,0,0
85,56,42,0,5,1,3,20,12,1
83,56,52,0,7,4,16,20,2,3
86,56,4,0,1,0,1,2,0,0
43,78,2,0,2,0,0,0,0,0
82,0,5,0,1,2,2,0,0,0
82,41,2,0,2,0,0,0,0,0
82,44,5,0,4,1,0,0,0,0
22,43,11,0,2,0,7,0,0,2
22,9,10,0,1,0,1,1,7,0
9,56,108,0,13,1,31,29,12,22
48,9,12,0,3,0,9,0,0,0
22,23,12,0,1,1,8,0,2,0
23,43,11,0,1,0,0,5,0,5
43,40,31,0,9,1,0,15,1,5
28,7,2,0,2,0,0,0,0,0
83,0,50,0,1,7,9,21,3,9
9,85,2,0,1,0,0,1,0,0
87,55,42,0,24,0,0,0,18,0
86,0,16,0,3,0,5,4,0,4
87,9,9,0,3,0,0,0,6,0
87,0,33,0,4,0,0,0,28,1
77,3,2,0,2,0,0,0,0,0
85,44,13,0,1,0,0,3,0,9
3,85,4,0,2,0,0,0,2,0
42,85,3,0,3,0,0,0,0,0
43,85,4,0,4,0,0,0,0,0
87,44,11,0,1,0,0,0,8,2
87,51,18,0,2,0,0,0,16,0
87,28,3,0,3,0,0,0,0,0
87,81,9,0,5,0,0,0,4,0
87,56,7,0,6,0,0,0,1,0
81,56,16,0,3,0,2,11,0,0
9,81,6,0,1,0,0,1,0,4
51,81,10,0,4,0,2,1,0,3
51,56,162,0,4,11,46,54,24,23
51,85,5,0,1,0,0,4,0,0
40,51,123,0,10,8,6,38,51,10
88,70,1,0,1,0,0,0,0,0
51,41,44,0,5,9,13,7,0,10
51,78,27,0,23,0,2,2,0,0
78,44,61,0,56,0,0,5,0,0
78,55,22,0,22,0,0,0,0,0
43,55,27,0,8,3,1,15,0,0
81,55,23,0,10,0,0,4,1,8
40,55,19,0,8,0,0,0,6,5
40,78,4,0,4,0,0,0,0,0
23,47,2,0,2,0,0,0,0,0
83,23,4,0,3,0,0,1,0,0
83,3,4,0,3,0,0,0,0,1
42,40,67,0,18,1,2,30,14,2
40,11,15,0,2,0,2,11,0,0
40,12,8,0,5,0,0,1,2,0
29,60,5,0,1,2,0,0,1,1
78,45,19,0,14,0,0,5,0,0
82,51,3,0,1,2,0,0,0,0
78,62,5,0,5,0,0,0,0,0
78,7,1,0,1,0,0,0,0,0
9,62,3,0,2,0,0,0,1,0
9,78,9,0,9,0,0,0,0,0
37,89,2,0,2,0,0,0,0,0
0,89,24,0,24,0,0,0,0,0
89,78,3,0,3,0,0,0,0,0
90,0,17,0,11,1,4,0,0,1
91,55,3,0,3,0,0,0,0,0
91,53,2,0,2,0,0,0,0,0
91,54,2,0,2,0,0,0,0,0
91,0,35,0,26,1,8,0,0,0
9,54,13,0,2,4,3,0,0,4
36,56,7,0,1,0,0,6,0,0
92,0,6,0,1,0,1,2,2,0
78,26,1,0,1,0,0,0,0,0
93,44,1,0,1,0,0,0,0,0
78,93,2,0,2,0,0,0,0,0
44,58,45,0,2,0,8,25,7,3
67,78,4,0,4,0,0,0,0,0
78,58,6,0,6,0,0,0,0,0
9,58,12,0,2,0,2,8,0,0
90,78,1,0,1,0,0,0,0,0
91,90,3,0,2,0,0,1,0,0
91,39,2,0,2,0,0,0,0,0
91,9,5,0,5,0,0,0,0,0
91,42,5,0,5,0,0,0,0,0
47,21,6,0,2,4,0,0,0,0
0,94,7,0,1,1,0,1,4,0
8,42,11,0,3,0,4,4,0,0
91,21,1,0,1,0,0,0,0,0
95,36,4,0,1,0,0,2,1,0
42,81,1,0,1,0,0,0,0,0
55,96,4,0,3,0,0,0,1,0
97,55,8,0,3,1,0,4,0,0
91,44,9,0,6,0,3,0,0,0
91,51,2,0,2,0,0,0,0,0
3,78,8,0,8,0,0,0,0,0
8,51,49,0,2,12,5,16,2,12
96,44,5,0,3,0,1,0,0,1
3,96,2,0,2,0,0,0,0,0
81,24,2,0,1,1,0,0,0,0
78,24,1,0,1,0,0,0,0,0
0,57,50,0,17,0,5,14,5,9
57,11,10,0,5,0,0,5,0,0
57,18,2,0,2,0,0,0,0,0
9,99,8,0,7,0,0,0,1,0
51,99,20,0,19,0,1,0,0,0
0,99,55,0,36,0,15,0,4,0
99,44,27,0,21,0,2,0,4,0
57,98,8,0,8,0,0,0,0,0
51,57,17,0,6,0,5,5,1,0
9,57,4,0,1,0,2,1,0,0
0,98,1,0,1,0,0,0,0,0
61,56,2,0,2,0,0,0,0,0
78,61,5,0,5,0,0,0,0,0
10,78,16,0,16,0,0,0,0,0
78,60,23,0,23,0,0,0,0,0
10,61,3,0,3,0,0,0,0,0
10,62,8,0,1,0,0,2,1,4
40,61,1,0,1,0,0,0,0,0
89,44,3,0,3,0,0,0,0,0
63,9,2,0,2,0,0,0,0,0
63,51,6,0,2,0,2,2,0,0
66,51,3,0,1,0,0,0,2,0
63,45,1,0,1,0,0,0,0,0
100,36,3,0,3,0,0,0,0,0
63,36,7,0,7,0,0,0,0,0
63,58,1,0,1,0,0,0,0,0
58,36,3,0,1,0,2,0,0,0
66,36,2,0,2,0,0,0,0,0
44,100,1,0,1,0,0,0,0,0
0,100,6,0,6,0,0,0,0,0
51,100,3,0,3,0,0,0,0,0
51,36,29,0,9,13,2,0,5,0
42,51,139,0,2,12,44,51,19,11
53,51,32,0,12,2,2,8,5,3
55,21,8,0,1,5,0,2,0,0
52,59,3,0,3,0,0,0,0,0
68,36,5,0,2,2,0,1,0,0
68,21,6,0,3,3,0,0,0,0
70,36,5,0,1,0,0,0,4,0
70,59,2,0,2,0,0,0,0,0
21,59,3,0,1,2,0,0,0,0
88,21,3,0,2,0,1,0,0,0
68,59,1,0,1,0,0,0,0,0
88,0,23,0,3,0,9,11,0,0
78,13,2,0,2,0,0,0,0,0
51,13,21,0,12,6,1,1,1,0
77,27,3,0,2,0,1,0,0,0
91,10,1,0,1,0,0,0,0,0
12,76,4,0,2,0,0,0,2,0
91,12,3,0,3,0,0,0,0,0
90,40,1,0,1,0,0,0,0,0
59,60,14,0,3,1,5,1,0,4
66,58,3,0,1,1,1,0,0,0
89,56,4,0,4,0,0,0,0,0
60,56,23,0,3,3,0,11,3,3
89,45,1,0,1,0,0,0,0,0
101,58,5,0,5,0,0,0,0,0
0,101,4,0,4,0,0,0,0,0
78,101,1,0,1,0,0,0,0,0
78,11,2,0,2,0,0,0,0,0
8,55,12,0,3,2,0,3,2,2
51,89,2,0,2,0,0,0,0,0
100,4,2,0,2,0,0,0,0,0
7,100,3,0,3,0,0,0,0,0
89,36,3,0,3,0,0,0,0,0
102,36,5,0,5,0,0,0,0,0
102,0,49,0,19,2,2,10,16,0
102,1,2,0,2,0,0,0,0,0
102,4,1,0,1,0,0,0,0,0
102,7,2,0,2,0,0,0,0,0
102,24,4,0,4,0,0,0,0,0
102,89,1,0,1,0,0,0,0,0
12,11,9,0,1,6,0,1,0,1
102,103,3,0,2,0,1,0,0,0
102,12,4,0,4,0,0,0,0,0
89,57,3,0,3,0,0,0,0,0
12,57,6,0,6,0,0,0,0,0
102,57,4,0,4,0,0,0,0,0
104,0,45,0,27,0,4,7,4,3
55,99,6,0,1,0,0,0,5,0
89,100,2,0,2,0,0,0,0,0
57,100,3,0,3,0,0,0,0,0
42,62,1,0,1,0,0,0,0,0
41,18,10,0,1,0,6,3,0,0
88,40,9,0,2,0,1,1,4,1
22,88,2,0,2,0,0,0,0,0
53,12,2,0,1,0,0,1,0,0
54,12,4,0,2,0,0,2,0,0
54,51,33,0,6,6,8,9,0,4
53,36,4,0,2,2,0,0,0,0
99,11,4,0,4,0,0,0,0,0
101,44,2,0,2,0,0,0,0,0
51,101,8,0,2,0,0,6,0,0
54,101,4,0,4,0,0,0,0,0
53,101,4,0,2,0,0,2,0,0
54,18,5,0,1,4,0,0,0,0
54,36,7,0,1,3,0,3,0,0
9,101,2,0,2,0,0,0,0,0
36,18,5,0,1,0,0,4,0,0
53,18,15,0,1,3,0,4,7,0
53,41,5,0,3,0,0,0,2,0
55,41,9,0,9,0,0,0,0,0
83,29,3,0,1,0,0,0,2,0
29,56,27,0,2,1,4,11,6,3
86,9,2,0,2,0,0,0,0,0
55,29,7,0,1,5,1,0,0,0
10,29,19,0,1,0,5,7,2,4
96,36,4,0,1,0,0,0,0,3
13,99,3,0,3,0,0,0,0,0
9,13,4,0,1,1,0,2,0,0
51,26,4,0,2,0,0,0,0,2
8,1,6,0,2,0,0,0,2,2
89,13,2,0,2,0,0,0,0,0
89,105,3,0,3,0,0,0,0,0
61,36,1,0,1,0,0,0,0,0
37,103,6,0,1,0,2,3,0,0
0,103,12,0,3,0,0,5,4,0
78,12,3,0,3,0,0,0,0,0
53,1,12,0,3,0,0,2,0,7
64,1,4,0,2,0,0,0,0,2
106,11,2,0,2,0,0,0,0,0
11,1,105,0,4,28,12,38,11,12
106,1,9,0,3,0,0,0,6,0
106,107,1,0,1,0,0,0,0,0
107,1,15,0,3,0,0,0,8,4
67,45,5,0,2,0,0,3,0,0
78,1,1,0,1,0,0,0,0,0
52,56,2,0,2,0,0,0,0,0
70,52,3,0,3,0,0,0,0,0
59,56,9,0,2,0,0,7,0,0
9,41,19,0,6,0,11,0,2,0
46,59,2,0,2,0,0,0,0,0
41,52,3,0,3,0,0,0,0,0
3,81,7,0,6,1,0,0,0,0
81,11,5,0,2,0,0,3,0,0
10,81,7,0,6,0,0,1,0,0
55,24,19,0,1,14,1,3,0,0
79,65,1,0,1,0,0,0,0,0
53,10,9,0,4,0,5,0,0,0
10,54,3,0,3,0,0,0,0,0
67,55,9,0,3,0,6,0,0,0
67,60,3,0,3,0,0,0,0,0
102,18,4,0,2,0,0,0,2,0
44,62,11,0,3,2,0,4,2,0
66,3,4,0,1,0,1,2,0,0
67,56,2,0,2,0,0,0,0,0
88,44,14,0,3,0,0,9,2,0
108,0,116,0,1,0,112,2,1,0
79,0,28,0,12,0,0,0,13,3
79,3,21,0,10,0,0,0,11,0
79,11,3,0,1,0,0,0,2,0
79,44,14,0,11,0,0,0,2,1
79,8,3,0,3,0,0,0,0,0
12,58,3,0,1,0,0,2,0,0
12,52,6,0,2,0,0,0,0,4
77,40,4,0,4,0,0,0,0,0
8,27,3,0,1,2,0,0,0,0
99,56,2,0,2,0,0,0,0,0
51,76,5,0,2,1,0,1,1,0
91,89,1,0,1,0,0,0,0,0
51,52,14,0,1,2,2,8,1,0
99,61,1,0,1,0,0,0,0,0
64,68,1,0,1,0,0,0,0,0
40,68,1,0,1,0,0,0,0,0
68,44,6,0,2,4,0,0,0,0
78,99,6,0,6,0,0,0,0,0
40,1,20,0,13,0,0,2,0,5
106,10,8,0,5,0,0,0,1,2
40,36,6,0,1,0,0,3,2,0
104,1,10,0,8,0,0,0,2,0
100,1,2,0,1,0,0,0,0,1
104,100,3,0,3,0,0,0,0,0
104,36,2,0,2,0,0,0,0,0
9,104,3,0,3,0,0,0,0,0
10,104,33,0,8,0,3,19,2,1
96,1,4,0,2,0,0,0,0,2
23,104,1,0,1,0,0,0,0,0
23,40,18,0,3,0,3,4,3,5
104,44,8,0,8,0,0,0,0,0
104,40,2,0,2,0,0,0,0,0
77,12,4,0,2,0,2,0,0,0
104,12,1,0,1,0,0,0,0,0
1,56,26,0,3,0,5,7,6,5
10,40,23,0,5,1,1,0,9,7
8,78,2,0,2,0,0,0,0,0
10,100,3,0,3,0,0,0,0,0
14,0,32,0,1,0,1,1,0,29
77,81,9,0,9,0,0,0,0,0
77,11,12,0,3,0,4,5,0,0
81,1,30,0,2,0,3,4,9,12
86,81,1,0,1,0,0,0,0,0
51,37,8,0,2,0,2,3,0,1
81,44,10,0,2,2,0,3,0,3
42,52,2,0,2,0,0,0,0,0
23,4,1,0,1,0,0,0,0,0
23,7,5,0,2,0,0,3,0,0
110,52,1,0,0,1,0,0,0,0
110,60,5,0,0,2,0,0,1,2
110,111,3,0,0,3,0,0,0,0
110,49,4,0,0,4,0,0,0,0
111,1,13,0,0,5,0,1,7,0
51,49,34,0,0,32,1,0,0,1
112,0,6,0,0,1,0,0,0,5
0,15,29,0,0,6,0,0,3,20
0,16,5,0,0,2,1,0,0,2
82,39,3,0,0,3,0,0,0,0
29,11,12,0,0,8,2,0,2,0
22,56,79,0,0,2,41,13,14,9
11,56,104,0,0,23,10,68,1,2
23,29,2,0,0,1,0,1,0,0
63,44,10,0,0,1,4,5,0,0
82,4,2,0,0,2,0,0,0,0
113,12,5,0,0,4,0,0,0,1
0,113,91,0,0,50,14,11,12,4
19,7,16,0,0,16,0,0,0,0
113,44,28,0,0,19,3,1,4,1
82,113,2,0,0,2,0,0,0,0
39,113,3,0,0,3,0,0,0,0
8,19,1,0,0,1,0,0,0,0
8,7,5,0,0,5,0,0,0,0
113,4,2,0,0,2,0,0,0,0
9,113,3,0,0,3,0,0,0,0
9,19,3,0,0,2,0,1,0,0
19,18,2,0,0,2,0,0,0,0
0,114,39,0,0,34,0,4,1,0
11,114,5,0,0,5,0,0,0,0
45,114,10,0,0,10,0,0,0,0
39,114,5,0,0,5,0,0,0,0
115,0,10,0,0,10,0,0,0,0
115,114,12,0,0,12,0,0,0,0
115,102,3,0,0,3,0,0,0,0
9,115,5,0,0,5,0,0,0,0
102,114,2,0,0,2,0,0,0,0
9,102,5,0,0,3,0,2,0,0
9,114,5,0,0,5,0,0,0,0
114,4,3,0,0,3,0,0,0,0
19,29,2,0,0,2,0,0,0,0
45,11,8,0,0,6,0,2,0,0
30,11,1,0,0,1,0,0,0,0
115,11,11,0,0,11,0,0,0,0
115,1,3,0,0,3,0,0,0,0
114,18,6,0,0,4,0,0,2,0
115,28,1,0,0,1,0,0,0,0
115,45,13,0,0,13,0,0,0,0
102,45,3,0,0,3,0,0,0,0
66,0,12,0,0,6,1,3,2,0
51,19,2,0,0,2,0,0,0,0
23,51,37,0,0,6,10,9,3,9
9,49,17,0,0,14,3,0,0,0
49,11,80,0,0,62,2,14,0,2
116,49,28,0,0,26,2,0,0,0
116,51,54,0,0,33,8,8,2,3
27,56,11,0,0,1,9,0,1,0
85,11,21,0,0,4,0,17,0,0
9,29,10,0,0,1,2,6,0,1
85,21,3,0,0,3,0,0,0,0
83,10,13,0,0,1,1,9,2,0
113,11,21,0,0,13,1,6,0,1
41,29,7,0,0,2,3,2,0,0
40,29,7,0,0,3,0,0,4,0
39,41,6,0,0,1,5,0,0,0
49,56,3,0,0,3,0,0,0,0
116,39,11,0,0,2,1,8,0,0
83,85,4,0,0,1,0,1,2,0
0,85,30,0,0,2,4,19,4,1
8,56,5,0,0,1,2,1,0,1
51,117,77,0,0,43,0,8,3,23
8,117,8,0,0,6,0,0,0,2
117,44,121,0,0,76,2,15,6,22
42,113,13,0,0,5,0,2,6,0
113,18,2,0,0,2,0,0,0,0
51,113,19,0,0,6,4,4,2,3
43,12,6,0,0,2,3,1,0,0
116,0,97,0,0,62,12,21,2,0
116,9,9,0,0,5,0,4,0,0
116,44,101,0,0,78,6,12,2,3
54,56,3,0,0,1,0,2,0,0
116,56,6,0,0,3,0,2,1,0
116,55,2,0,0,2,0,0,0,0
116,45,6,0,0,1,0,5,0,0
0,117,405,0,0,182,5,103,32,83
117,11,174,0,0,105,2,63,0,4
113,45,6,0,0,6,0,0,0,0
117,56,30,0,0,1,0,12,12,5
117,55,12,0,0,2,0,6,4,0
117,12,6,0,0,6,0,0,0,0
117,60,71,0,0,39,0,14,13,5
45,41,1,0,0,1,0,0,0,0
51,69,10,0,0,2,7,1,0,0
0,69,7,0,0,2,3,0,1,1
43,47,3,0,0,1,0,0,0,2
118,18,2,0,0,1,1,0,0,0
118,44,4,0,0,4,0,0,0,0
0,111,119,0,0,52,15,30,22,0
45,111,5,0,0,5,0,0,0,0
71,119,2,0,0,1,0,1,0,0
71,44,3,0,0,2,0,1,0,0
120,111,3,0,0,1,2,0,0,0
44,111,48,0,0,18,13,16,1,0
111,18,3,0,0,1,0,2,0,0
51,111,25,0,0,13,3,9,0,0
66,9,2,0,0,1,1,0,0,0
66,120,2,0,0,1,1,0,0,0
53,3,14,0,0,7,5,2,0,0
11,24,12,0,0,4,3,0,2,3
0,119,39,0,0,7,20,7,5,0
121,24,6,0,0,6,0,0,0,0
121,0,64,0,0,44,10,3,5,2
121,44,17,0,0,13,1,3,0,0
121,55,4,0,0,4,0,0,0,0
122,59,4,0,0,2,0,2,0,0
54,122,5,0,0,2,3,0,0,0
3,69,3,0,0,2,0,1,0,0
3,13,6,0,0,5,0,0,1,0
109,24,1,0,0,1,0,0,0,0
109,55,1,0,0,1,0,0,0,0
109,59,2,0,0,2,0,0,0,0
69,18,5,0,0,5,0,0,0,0
69,60,7,0,0,4,3,0,0,0
29,58,8,0,0,2,0,6,0,0
58,11,7,0,0,7,0,0,0,0
55,58,1,0,0,1,0,0,0,0
54,45,9,0,0,1,0,7,0,1
66,117,2,0,0,2,0,0,0,0
117,45,28,0,0,21,0,6,1,0
109,117,35,0,0,33,0,2,0,0
109,45,9,0,0,9,0,0,0,0
117,58,3,0,0,3,0,0,0,0
109,0,24,0,0,17,0,7,0,0
109,51,5,0,0,5,0,0,0,0
9,117,37,0,0,22,0,2,12,1
109,60,7,0,0,7,0,0,0,0
123,60,4,0,0,4,0,0,0,0
119,123,2,0,0,2,0,0,0,0
119,58,5,0,0,2,3,0,0,0
119,11,2,0,0,1,1,0,0,0
0,123,3,0,0,3,0,0,0,0
67,123,1,0,0,1,0,0,0,0
123,44,5,0,0,5,0,0,0,0
0,120,15,0,0,5,0,3,6,1
117,123,2,0,0,2,0,0,0,0
67,58,19,0,0,1,7,7,4,0
67,117,3,0,0,2,0,1,0,0
71,111,5,0,0,3,0,0,2,0
120,71,4,0,0,1,2,0,1,0
94,21,1,0,0,1,0,0,0,0
42,94,2,0,0,2,0,0,0,0
47,94,3,0,0,3,0,0,0,0
42,124,5,0,0,2,0,3,0,0
44,124,9,0,0,9,0,0,0,0
66,119,2,0,0,2,0,0,0,0
51,119,26,0,0,10,2,8,3,3
12,45,15,0,0,2,2,5,6,0
66,113,1,0,0,1,0,0,0,0
66,4,1,0,0,1,0,0,0,0
12,4,5,0,0,2,1,0,0,2
113,41,1,0,0,1,0,0,0,0
90,113,1,0,0,1,0,0,0,0
10,117,38,0,0,9,0,8,14,7
117,1,21,0,0,6,0,4,3,8
109,18,2,0,0,2,0,0,0,0
10,64,7,0,0,4,0,2,0,1
8,10,12,0,0,3,3,0,3,3
60,111,4,0,0,3,0,0,1,0
11,111,4,0,0,2,1,0,1,0
37,11,1,0,0,1,0,0,0,0
118,0,11,0,0,5,2,4,0,0
23,11,15,0,0,8,0,6,0,1
95,21,2,0,0,2,0,0,0,0
125,21,8,0,0,8,0,0,0,0
37,21,2,0,0,2,0,0,0,0
125,0,246,0,0,13,207,23,0,3
66,60,3,0,0,1,0,2,0,0
117,119,1,0,0,1,0,0,0,0
119,60,3,0,0,1,2,0,0,0
27,60,5,0,0,1,2,2,0,0
109,44,5,0,0,4,0,1,0,0
97,21,2,0,0,2,0,0,0,0
125,68,4,0,0,4,0,0,0,0
97,51,1,0,0,1,0,0,0,0
43,37,1,0,0,1,0,0,0,0
40,3,21,0,0,1,0,6,6,8
9,88,8,0,0,2,0,4,2,0
8,43,6,0,0,1,0,3,0,2
8,61,2,0,0,2,0,0,0,0
43,113,2,0,0,2,0,0,0,0
42,11,41,0,0,5,6,25,5,0
126,44,3,0,0,1,2,0,0,0
0,126,8,0,0,4,1,0,3,0
51,126,3,0,0,3,0,0,0,0
64,127,1,0,0,1,0,0,0,0
3,127,1,0,0,1,0,0,0,0
12,127,6,0,0,6,0,0,0,0
127,11,8,0,0,8,0,0,0,0
3,126,4,0,0,4,0,0,0,0
9,127,2,0,0,2,0,0,0,0
126,11,5,0,0,5,0,0,0,0
126,127,4,0,0,3,0,0,1,0
9,47,3,0,0,1,0,0,0,2
47,11,3,0,0,1,2,0,0,0
17,11,32,0,0,6,0,17,1,8
17,1,10,0,0,8,0,0,2,0
17,15,14,0,0,4,0,4,0,6
10,126,2,0,0,1,0,0,1,0
64,126,1,0,0,1,0,0,0,0
10,127,6,0,0,2,1,0,3,0
16,11,4,0,0,1,0,0,3,0
0,127,4,0,0,2,0,0,2,0
15,49,17,0,0,14,0,1,0,2
15,11,15,0,0,8,0,5,0,2
49,24,2,0,0,2,0,0,0,0
26,49,4,0,0,4,0,0,0,0
26,11,9,0,0,1,0,3,5,0
30,21,1,0,0,1,0,0,0,0
116,11,27,0,0,22,0,5,0,0
121,8,5,0,0,5,0,0,0,0
121,3,37,0,0,31,0,0,6,0
121,81,5,0,0,4,1,0,0,0
121,51,21,0,0,20,1,0,0,0
121,18,2,0,0,2,0,0,0,0
23,6,1,0,0,1,0,0,0,0
6,24,3,0,0,2,0,1,0,0
49,58,4,0,0,4,0,0,0,0
10,111,15,0,0,6,0,6,3,0
12,111,9,0,0,4,0,4,1,0
68,12,4,0,0,4,0,0,0,0
117,21,3,0,0,3,0,0,0,0
0,110,38,0,0,15,0,12,2,9
117,110,7,0,0,7,0,0,0,0
17,117,19,0,0,5,0,7,0,7
23,17,3,0,0,3,0,0,0,0
110,123,5,0,0,3,2,0,0,0
109,8,2,0,0,2,0,0,0,0
23,117,9,0,0,3,0,4,0,2
21,52,6,0,0,6,0,0,0,0
117,52,1,0,0,1,0,0,0,0
113,117,1,0,0,1,0,0,0,0
118,45,2,0,0,2,0,0,0,0
118,9,2,0,0,2,0,0,0,0
52,44,10,0,0,3,6,0,1,0
128,0,156,0,0,12,34,98,5,7
128,21,3,0,0,3,0,0,0,0
110,18,7,0,0,3,0,3,0,1
125,52,2,0,0,2,0,0,0,0
125,41,2,0,0,2,0,0,0,0
128,52,18,0,0,8,4,3,0,3
68,52,2,0,0,2,0,0,0,0
95,94,4,0,0,2,0,2,0,0
128,95,1,0,0,1,0,0,0,0
95,52,2,0,0,2,0,0,0,0
47,52,1,0,0,1,0,0,0,0
128,8,6,0,0,1,2,3,0,0
128,11,10,0,0,2,0,8,0,0
11,36,5,0,0,1,0,0,0,4
54,11,2,0,0,2,0,0,0,0
43,54,3,0,0,2,1,0,0,0
12,49,2,0,0,2,0,0,0,0
118,12,2,0,0,2,0,0,0,0
64,11,6,0,0,3,0,3,0,0
3,49,10,0,0,10,0,0,0,0
0,124,14,0,0,12,1,1,0,0
51,124,4,0,0,2,0,2,0,0
113,55,7,0,0,4,0,2,1,0
113,60,5,0,0,4,0,0,0,1
23,10,29,0,0,3,3,8,11,4
113,56,1,0,0,1,0,0,0,0
49,60,16,0,0,8,0,4,4,0
60,124,1,0,0,1,0,0,0,0
117,124,1,0,0,1,0,0,0,0
119,111,5,0,0,2,0,3,0,0
121,117,2,0,0,2,0,0,0,0
55,52,6,0,0,6,0,0,0,0
53,59,7,0,0,1,3,1,2,0
54,59,6,0,0,2,4,0,0,0
8,95,2,0,0,1,0,0,1,0
42,95,9,0,0,2,0,7,0,0
43,95,5,0,0,2,0,3,0,0
0,95,45,0,0,8,0,6,31,0
95,44,17,0,0,4,0,2,11,0
51,95,22,0,0,5,0,0,17,0
45,21,1,0,0,1,0,0,0,0
70,21,2,0,0,2,0,0,0,0
46,21,3,0,0,3,0,0,0,0
97,42,7,0,0,5,1,1,0,0
42,46,8,0,0,4,2,2,0,0
9,70,2,0,0,2,0,0,0,0
46,55,5,0,0,5,0,0,0,0
129,36,5,0,0,3,0,2,0,0
95,129,8,0,0,3,0,5,0,0
95,68,1,0,0,1,0,0,0,0
68,129,6,0,0,1,0,5,0,0
130,0,5,0,0,5,0,0,0,0
130,70,1,0,0,1,0,0,0,0
130,36,3,0,0,2,0,1,0,0
97,59,1,0,0,1,0,0,0,0
97,47,1,0,0,1,0,0,0,0
97,130,2,0,0,2,0,0,0,0
47,68,2,0,0,2,0,0,0,0
47,95,3,0,0,2,0,1,0,0
95,59,9,0,0,3,0,6,0,0
130,47,2,0,0,2,0,0,0,0
42,59,15,0,0,2,0,12,1,0
43,59,9,0,0,3,0,6,0,0
130,21,3,0,0,3,0,0,0,0
97,36,1,0,0,1,0,0,0,0
70,55,1,0,0,1,0,0,0,0
70,12,3,0,0,3,0,0,0,0
0,46,21,0,0,3,9,7,0,2
130,55,1,0,0,1,0,0,0,0
97,0,19,0,0,3,0,16,0,0
121,12,2,0,0,2,0,0,0,0
9,111,8,0,0,2,0,5,1,0
121,111,1,0,0,1,0,0,0,0
121,131,9,0,0,9,0,0,0,0
116,117,4,0,0,4,0,0,0,0
117,49,43,0,0,42,0,1,0,0
132,11,11,0,0,8,0,1,0,2
49,132,5,0,0,5,0,0,0,0
17,49,18,0,0,7,0,8,0,3
17,60,28,0,0,1,0,19,2,6
17,13,2,0,0,2,0,0,0,0
13,11,11,0,0,8,3,0,0,0
116,60,5,0,0,4,0,1,0,0
29,44,23,0,0,1,9,6,3,4
49,29,2,0,0,2,0,0,0,0
117,29,9,0,0,3,0,2,0,4
0,132,20,0,0,9,0,4,3,4
9,132,11,0,0,3,0,0,0,8
49,1,43,0,0,12,26,1,0,4
9,15,13,0,0,1,0,4,0,8
9,17,14,0,0,2,0,2,0,10
117,13,2,0,0,2,0,0,0,0
7,11,8,0,0,3,3,0,2,0
49,4,2,0,0,2,0,0,0,0
30,60,2,0,0,2,0,0,0,0
30,13,2,0,0,2,0,0,0,0
10,76,7,0,0,1,3,1,2,0
13,76,3,0,0,3,0,0,0,0
121,64,5,0,0,5,0,0,0,0
10,131,2,0,0,2,0,0,0,0
51,131,7,0,0,7,0,0,0,0
0,131,6,0,0,6,0,0,0,0
3,131,4,0,0,4,0,0,0,0
121,9,5,0,0,5,0,0,0,0
121,10,4,0,0,1,0,0,3,0
121,11,25,0,0,15,5,5,0,0
23,110,2,0,0,2,0,0,0,0
131,60,1,0,0,1,0,0,0,0
131,11,1,0,0,1,0,0,0,0
76,60,3,0,0,3,0,0,0,0
13,60,7,0,0,1,0,0,6,0
117,24,3,0,0,3,0,0,0,0
3,117,18,0,0,3,0,0,0,15
117,59,1,0,0,1,0,0,0,0
26,60,1,0,0,1,0,0,0,0
10,132,8,0,0,5,0,0,2,1
49,111,2,0,0,2,0,0,0,0
10,49,14,0,0,8,3,0,0,3
10,110,6,0,0,2,0,2,2,0
55,110,1,0,0,1,0,0,0,0
41,11,2,0,0,1,1,0,0,0
8,60,15,0,0,1,2,3,6,3
10,113,4,0,0,1,0,0,3,0
4,56,33,0,0,2,20,7,0,4
51,4,10,0,0,2,0,8,0,0
29,133,12,0,0,0,4,8,0,0
134,1,1,0,0,0,1,0,0,0
108,1,8,0,0,0,7,1,0,0
134,27,3,0,0,0,3,0,0,0
27,105,2,0,0,0,2,0,0,0
135,133,1,0,0,0,1,0,0,0
135,136,2,0,0,0,2,0,0,0
108,133,5,0,0,0,5,0,0,0
108,137,1,0,0,0,1,0,0,0
138,92,9,0,0,0,9,0,0,0
92,1,10,0,0,0,10,0,0,0
8,92,1,0,0,0,1,0,0,0
92,11,1,0,0,0,1,0,0,0
9,139,1,0,0,0,1,0,0,0
92,49,6,0,0,0,6,0,0,0
139,49,4,0,0,0,4,0,0,0
92,139,1,0,0,0,1,0,0,0
9,92,2,0,0,0,2,0,0,0
7,1,9,0,0,0,4,5,0,0
121,49,3,0,0,0,3,0,0,0
121,39,1,0,0,0,1,0,0,0
82,3,2,0,0,0,2,0,0,0
82,56,2,0,0,0,2,0,0,0
39,11,14,0,0,0,6,7,0,1
43,18,18,0,0,0,1,13,1,3
2,56,12,0,0,0,11,1,0,0
2,42,5,0,0,0,5,0,0,0
2,43,4,0,0,0,4,0,0,0
48,41,10,0,0,0,9,1,0,0
22,65,3,0,0,0,3,0,0,0
86,42,2,0,0,0,2,0,0,0
86,43,3,0,0,0,3,0,0,0
86,85,1,0,0,0,1,0,0,0
43,51,86,0,0,0,28,48,5,5
82,142,1,0,0,0,1,0,0,0
142,44,25,0,0,0,21,4,0,0
22,40,32,0,0,0,12,2,15,3
108,41,37,0,0,0,34,3,0,0
143,56,4,0,0,0,4,0,0,0
134,41,15,0,0,0,15,0,0,0
141,143,2,0,0,0,2,0,0,0
141,41,1,0,0,0,1,0,0,0
134,108,25,0,0,0,25,0,0,0
48,10,3,0,0,0,1,1,0,1
48,144,2,0,0,0,2,0,0,0
22,51,35,0,0,0,10,0,5,20
145,56,13,0,0,0,13,0,0,0
125,37,6,0,0,0,6,0,0,0
125,42,5,0,0,0,5,0,0,0
125,43,3,0,0,0,3,0,0,0
145,0,15,0,0,0,15,0,0,0
145,51,3,0,0,0,3,0,0,0
145,83,4,0,0,0,4,0,0,0
83,51,5,0,0,0,2,2,0,1
83,44,6,0,0,0,3,3,0,0
83,26,5,0,0,0,5,0,0,0
134,0,87,0,0,0,87,0,0,0
134,44,23,0,0,0,23,0,0,0
146,56,13,0,0,0,13,0,0,0
21,146,6,0,0,0,6,0,0,0
0,146,8,0,0,0,8,0,0,0
9,146,2,0,0,0,2,0,0,0
134,40,1,0,0,0,1,0,0,0
21,56,5,0,0,0,3,0,2,0
20,51,1,0,0,0,1,0,0,0
144,11,4,0,0,0,4,0,0,0
144,44,52,0,0,0,47,0,0,5
51,144,48,0,0,0,41,1,2,4
128,103,2,0,0,0,2,0,0,0
147,41,7,0,0,0,7,0,0,0
147,56,3,0,0,0,3,0,0,0
0,147,16,0,0,0,16,0,0,0
134,147,3,0,0,0,3,0,0,0
42,144,2,0,0,0,2,0,0,0
9,144,16,0,0,0,10,0,6,0
134,9,12,0,0,0,11,1,0,0
134,42,5,0,0,0,5,0,0,0
9,147,6,0,0,0,6,0,0,0
43,147,4,0,0,0,4,0,0,0
134,43,5,0,0,0,5,0,0,0
134,56,10,0,0,0,10,0,0,0
108,56,10,0,0,0,10,0,0,0
134,140,1,0,0,0,1,0,0,0
108,147,2,0,0,0,2,0,0,0
108,4,1,0,0,0,1,0,0,0
108,143,5,0,0,0,5,0,0,0
108,42,5,0,0,0,5,0,0,0
108,43,10,0,0,0,8,2,0,0
83,108,2,0,0,0,2,0,0,0
134,143,4,0,0,0,4,0,0,0
143,41,1,0,0,0,1,0,0,0
108,23,5,0,0,0,5,0,0,0
77,56,6,0,0,0,5,1,0,0
0,148,45,0,0,0,45,0,0,0
86,55,5,0,0,0,2,3,0,0
83,55,4,0,0,0,4,0,0,0
81,149,1,0,0,0,1,0,0,0
83,81,5,0,0,0,2,3,0,0
149,56,3,0,0,0,2,1,0,0
147,44,4,0,0,0,4,0,0,0
150,4,1,0,0,0,1,0,0,0
0,150,5,0,0,0,5,0,0,0
134,150,3,0,0,0,3,0,0,0
134,144,10,0,0,0,10,0,0,0
134,151,2,0,0,0,2,0,0,0
0,151,4,0,0,0,4,0,0,0
48,40,4,0,0,0,4,0,0,0
40,144,1,0,0,0,1,0,0,0
0,144,121,0,0,0,100,0,4,17
144,151,6,0,0,0,6,0,0,0
51,151,2,0,0,0,2,0,0,0
144,56,1,0,0,0,1,0,0,0
42,146,1,0,0,0,1,0,0,0
40,146,2,0,0,0,2,0,0,0
0,96,11,0,0,0,2,0,4,5
88,51,18,0,0,0,6,12,0,0
44,148,3,0,0,0,3,0,0,0
108,51,39,0,0,0,39,0,0,0
51,21,8,0,0,0,3,3,0,2
40,21,5,0,0,0,2,0,3,0
134,51,10,0,0,0,10,0,0,0
23,144,4,0,0,0,4,0,0,0
108,44,23,0,0,0,23,0,0,0
108,27,16,0,0,0,16,0,0,0
51,27,15,0,0,0,5,1,2,7
145,125,10,0,0,0,10,0,0,0
125,51,29,0,0,0,22,5,0,2
108,148,30,0,0,0,30,0,0,0
125,148,9,0,0,0,9,0,0,0
108,125,13,0,0,0,13,0,0,0
56,148,6,0,0,0,6,0,0,0
9,148,11,0,0,0,11,0,0,0
145,27,6,0,0,0,6,0,0,0
27,18,3,0,0,0,3,0,0,0
125,27,6,0,0,0,6,0,0,0
125,18,12,0,0,0,12,0,0,0
125,56,15,0,0,0,15,0,0,0
27,148,4,0,0,0,4,0,0,0
134,148,2,0,0,0,2,0,0,0
125,143,1,0,0,0,1,0,0,0
148,18,2,0,0,0,2,0,0,0
145,108,4,0,0,0,4,0,0,0
145,148,2,0,0,0,2,0,0,0
147,148,5,0,0,0,5,0,0,0
51,148,32,0,0,0,29,3,0,0
125,9,18,0,0,0,15,3,0,0
48,23,1,0,0,0,1,0,0,0
23,88,1,0,0,0,1,0,0,0
88,56,10,0,0,0,2,4,4,0
48,88,2,0,0,0,2,0,0,0
40,27,4,0,0,0,3,0,1,0
22,18,4,0,0,0,3,0,0,1
27,44,16,0,0,0,8,2,3,3
27,1,15,0,0,0,6,3,2,4
27,11,6,0,0,0,5,1,0,0
133,56,15,0,0,0,14,1,0,0
41,133,1,0,0,0,1,0,0,0
39,56,8,0,0,0,2,4,2,0
84,41,1,0,0,0,1,0,0,0
9,136,1,0,0,0,1,0,0,0
23,136,2,0,0,0,2,0,0,0
133,136,7,0,0,0,7,0,0,0
22,133,1,0,0,0,1,0,0,0
141,29,1,0,0,0,1,0,0,0
134,141,3,0,0,0,3,0,0,0
108,29,2,0,0,0,2,0,0,0
41,148,3,0,0,0,3,0,0,0
27,41,1,0,0,0,1,0,0,0
27,29,3,0,0,0,3,0,0,0
51,29,34,0,0,0,7,15,9,3
0,142,36,0,0,0,20,12,0,4
39,142,9,0,0,0,3,5,1,0
29,18,5,0,0,0,4,0,1,0
28,56,2,0,0,0,2,0,0,0
125,85,2,0,0,0,2,0,0,0
105,56,22,0,0,0,14,8,0,0
105,18,27,0,0,0,23,2,0,2
23,105,9,0,0,0,9,0,0,0
42,105,16,0,0,0,9,7,0,0
10,105,58,0,0,0,51,7,0,0
108,18,6,0,0,0,3,3,0,0
56,18,13,0,0,0,7,6,0,0
10,43,16,0,0,0,7,6,0,3
134,142,1,0,0,0,1,0,0,0
144,45,1,0,0,0,1,0,0,0
67,9,4,0,0,0,2,0,0,2
9,142,5,0,0,0,5,0,0,0
30,9,3,0,0,0,1,2,0,0
116,113,2,0,0,0,2,0,0,0
51,142,5,0,0,0,3,0,2,0
43,3,5,0,0,0,2,0,0,3
37,44,13,0,0,0,2,6,2,3
9,27,8,0,0,0,4,0,4,0
10,42,23,0,0,0,9,11,0,3
0,105,283,0,0,0,210,56,2,15
105,44,42,0,0,0,27,7,8,0
51,105,29,0,0,0,16,10,0,3
42,45,3,0,0,0,3,0,0,0
43,45,2,0,0,0,2,0,0,0
144,58,2,0,0,0,2,0,0,0
58,62,2,0,0,0,2,0,0,0
13,62,2,0,0,0,2,0,0,0
37,62,1,0,0,0,1,0,0,0
65,11,2,0,0,0,2,0,0,0
67,18,6,0,0,0,2,1,1,2
120,18,4,0,0,0,2,2,0,0
55,105,15,0,0,0,10,5,0,0
53,105,2,0,0,0,2,0,0,0
54,105,2,0,0,0,2,0,0,0
9,105,24,0,0,0,17,6,0,1
12,105,9,0,0,0,9,0,0,0
12,18,2,0,0,0,2,0,0,0
105,60,54,0,0,0,51,0,0,3
43,70,1,0,0,0,1,0,0,0
70,44,5,0,0,0,2,3,0,0
86,44,3,0,0,0,1,0,0,2
86,8,2,0,0,0,2,0,0,0
105,119,2,0,0,0,2,0,0,0
21,119,2,0,0,0,2,0,0,0
105,11,26,0,0,0,16,10,0,0
105,1,12,0,0,0,5,6,0,1
105,45,20,0,0,0,19,1,0,0
16,1,4,0,0,0,4,0,0,0
8,105,8,0,0,0,8,0,0,0
105,62,2,0,0,0,2,0,0,0
45,62,4,0,0,0,2,1,1,0
66,45,3,0,0,0,2,1,0,0
105,24,1,0,0,0,1,0,0,0
125,103,2,0,0,0,2,0,0,0
125,44,15,0,0,0,11,4,0,0
125,102,3,0,0,0,3,0,0,0
43,57,2,0,0,0,2,0,0,0
43,11,21,0,0,0,3,16,0,2
119,56,2,0,0,0,2,0,0,0
10,152,22,0,0,0,22,0,0,0
0,152,24,0,0,0,24,0,0,0
154,152,11,0,0,0,11,0,0,0
10,154,24,0,0,0,23,0,0,1
152,44,7,0,0,0,6,1,0,0
3,152,44,0,0,0,38,6,0,0
3,119,7,0,0,0,3,4,0,0
9,155,3,0,0,0,3,0,0,0
154,155,4,0,0,0,4,0,0,0
0,154,75,0,0,0,75,0,0,0
144,55,4,0,0,0,4,0,0,0
10,153,2,0,0,0,2,0,0,0
52,18,3,0,0,0,1,2,0,0
154,147,11,0,0,0,11,0,0,0
154,153,4,0,0,0,4,0,0,0
0,153,18,0,0,0,17,1,0,0
134,10,6,0,0,0,6,0,0,0
108,10,58,0,0,0,58,0,0,0
154,36,1,0,0,0,1,0,0,0
154,105,21,0,0,0,21,0,0,0
42,88,2,0,0,0,2,0,0,0
51,46,9,0,0,0,7,2,0,0
42,76,2,0,0,0,2,0,0,0
76,52,1,0,0,0,1,0,0,0
37,76,2,0,0,0,2,0,0,0
8,67,3,0,0,0,2,0,0,1
8,58,3,0,0,0,3,0,0,0
67,36,4,0,0,0,4,0,0,0
125,36,1,0,0,0,1,0,0,0
22,3,6,0,0,0,1,0,5,0
77,24,2,0,0,0,2,0,0,0
3,153,4,0,0,0,4,0,0,0
154,144,12,0,0,0,12,0,0,0
154,44,22,0,0,0,22,0,0,0
108,154,16,0,0,0,16,0,0,0
44,155,5,0,0,0,4,0,0,1
0,155,4,0,0,0,3,0,0,1
144,155,3,0,0,0,3,0,0,0
10,156,15,0,0,0,6,0,2,7
125,10,23,0,0,0,17,6,0,0
147,12,1,0,0,0,1,0,0,0
154,12,2,0,0,0,2,0,0,0
156,144,19,0,0,0,14,0,0,5
125,144,21,0,0,0,21,0,0,0
125,156,21,0,0,0,21,0,0,0
134,156,11,0,0,0,11,0,0,0
153,12,1,0,0,0,1,0,0,0
156,12,2,0,0,0,2,0,0,0
156,152,8,0,0,0,4,0,4,0
108,152,5,0,0,0,5,0,0,0
134,154,5,0,0,0,5,0,0,0
9,154,9,0,0,0,9,0,0,0
152,153,1,0,0,0,1,0,0,0
156,0,99,0,0,0,58,0,14,27
147,105,1,0,0,0,1,0,0,0
152,105,1,0,0,0,1,0,0,0
134,60,4,0,0,0,4,0,0,0
10,143,2,0,0,0,2,0,0,0
143,152,3,0,0,0,3,0,0,0
125,94,2,0,0,0,2,0,0,0
29,1,8,0,0,0,2,4,0,2
125,55,3,0,0,0,3,0,0,0
0,122,11,0,0,0,4,4,2,1
9,96,4,0,0,0,2,0,2,0
69,36,5,0,0,0,4,1,0,0
91,60,4,0,0,0,4,0,0,0
91,36,3,0,0,0,3,0,0,0
91,29,1,0,0,0,1,0,0,0
8,156,5,0,0,0,3,0,2,0
156,11,6,0,0,0,1,0,5,0
8,11,10,0,0,0,2,7,0,1
134,11,7,0,0,0,7,0,0,0
10,133,30,0,0,0,11,0,0,19
143,133,1,0,0,0,1,0,0,0
0,143,2,0,0,0,2,0,0,0
134,133,2,0,0,0,2,0,0,0
0,133,66,0,0,0,42,14,1,9
133,18,4,0,0,0,2,2,0,0
10,38,2,0,0,0,1,0,0,1
156,38,10,0,0,0,6,0,0,4
156,44,41,0,0,0,26,0,7,8
38,44,12,0,0,0,1,0,0,11
125,38,5,0,0,0,5,0,0,0
144,38,16,0,0,0,7,0,0,9
157,38,9,0,0,0,1,0,0,8
38,7,1,0,0,0,1,0,0,0
38,133,2,0,0,0,2,0,0,0
156,133,1,0,0,0,1,0,0,0
135,11,2,0,0,0,2,0,0,0
90,51,2,0,0,0,2,0,0,0
69,133,2,0,0,0,2,0,0,0
133,60,3,0,0,0,3,0,0,0
133,44,13,0,0,0,13,0,0,0
51,133,36,0,0,0,21,11,0,4
125,128,16,0,0,0,12,4,0,0
105,127,1,0,0,0,1,0,0,0
3,105,19,0,0,0,19,0,0,0
125,90,1,0,0,0,1,0,0,0
152,24,4,0,0,0,4,0,0,0
3,135,12,0,0,0,12,0,0,0
48,3,6,0,0,0,4,0,0,2
48,11,4,0,0,0,4,0,0,0
0,135,21,0,0,0,18,0,3,0
48,152,1,0,0,0,1,0,0,0
9,135,2,0,0,0,2,0,0,0
48,135,6,0,0,0,6,0,0,0
125,11,8,0,0,0,5,0,3,0
154,11,10,0,0,0,10,0,0,0
0,136,17,0,0,0,12,0,0,5
140,0,3,0,0,0,3,0,0,0
140,1,8,0,0,0,8,0,0,0
140,23,2,0,0,0,2,0,0,0
154,1,14,0,0,0,13,0,1,0
125,133,6,0,0,0,6,0,0,0
125,64,1,0,0,0,1,0,0,0
156,154,2,0,0,0,2,0,0,0
125,105,5,0,0,0,5,0,0,0
78,117,3,0,0,0,2,1,0,0
125,3,4,0,0,0,4,0,0,0
144,152,3,0,0,0,3,0,0,0
134,125,10,0,0,0,10,0,0,0
135,12,1,0,0,0,1,0,0,0
135,105,2,0,0,0,2,0,0,0
125,13,1,0,0,0,1,0,0,0
135,44,4,0,0,0,4,0,0,0
23,55,10,0,0,0,1,2,7,0
154,55,2,0,0,0,2,0,0,0
135,142,1,0,0,0,1,0,0,0
42,57,1,0,0,0,1,0,0,0
42,58,1,0,0,0,1,0,0,0
3,133,9,0,0,0,9,0,0,0
67,133,1,0,0,0,1,0,0,0
77,148,55,0,0,0,45,10,0,0
10,148,16,0,0,0,16,0,0,0
108,77,4,0,0,0,4,0,0,0
108,9,13,0,0,0,13,0,0,0
134,18,9,0,0,0,9,0,0,0
77,41,1,0,0,0,1,0,0,0
29,24,1,0,0,0,1,0,0,0
3,29,6,0,0,0,4,1,1,0
133,24,8,0,0,0,8,0,0,0
12,41,1,0,0,0,1,0,0,0
105,41,4,0,0,0,2,2,0,0
128,44,28,0,0,0,11,16,0,1
9,156,12,0,0,0,5,0,5,2
45,18,5,0,0,0,2,2,0,1
119,44,31,0,0,0,22,4,5,0
0,158,11,0,0,0,11,0,0,0
156,51,14,0,0,0,3,0,1,10
142,11,2,0,0,0,2,0,0,0
77,58,2,0,0,0,2,0,0,0
51,135,3,0,0,0,3,0,0,0
158,44,14,0,0,0,14,0,0,0
158,119,10,0,0,0,10,0,0,0
52,159,2,0,0,0,1,1,0,0
122,11,2,0,0,0,2,0,0,0
55,122,9,0,0,0,4,3,2,0
53,122,4,0,0,0,2,2,0,0
12,119,5,0,0,0,1,1,3,0
156,159,2,0,0,0,2,0,0,0
128,156,4,0,0,0,4,0,0,0
144,122,2,0,0,0,2,0,0,0
10,158,4,0,0,0,4,0,0,0
154,158,2,0,0,0,2,0,0,0
51,154,3,0,0,0,3,0,0,0
152,11,1,0,0,0,1,0,0,0
108,11,21,0,0,0,18,3,0,0
156,41,4,0,0,0,3,0,0,1
156,3,7,0,0,0,4,0,1,2
51,152,4,0,0,0,2,2,0,0
40,45,16,0,0,0,3,10,2,1
10,45,17,0,0,0,5,10,0,2
128,9,22,0,0,0,3,19,0,0
9,119,8,0,0,0,4,3,1,0
51,155,10,0,0,0,10,0,0,0
119,18,1,0,0,0,1,0,0,0
42,147,3,0,0,0,3,0,0,0
154,60,42,0,0,0,42,0,0,0
0,159,7,0,0,0,2,5,0,0
156,153,2,0,0,0,2,0,0,0
159,44,2,0,0,0,2,0,0,0
51,158,1,0,0,0,1,0,0,0
9,153,1,0,0,0,1,0,0,0
9,152,3,0,0,0,3,0,0,0
125,8,6,0,0,0,6,0,0,0
128,18,22,0,0,0,1,21,0,0
51,136,5,0,0,0,5,0,0,0
44,136,1,0,0,0,1,0,0,0
3,113,2,0,0,0,1,0,0,1
51,147,6,0,0,0,6,0,0,0
134,127,2,0,0,0,2,0,0,0
108,141,1,0,0,0,1,0,0,0
9,133,8,0,0,0,7,1,0,0
3,136,1,0,0,0,1,0,0,0
9,65,5,0,0,0,2,3,0,0
160,0,20,0,0,0,4,0,0,16
125,99,1,0,0,0,1,0,0,0
106,99,1,0,0,0,1,0,0,0
108,60,16,0,0,0,16,0,0,0
108,45,7,0,0,0,7,0,0,0
105,61,1,0,0,0,1,0,0,0
26,105,1,0,0,0,1,0,0,0
108,105,19,0,0,0,19,0,0,0
42,117,10,0,0,0,2,2,0,6
64,105,1,0,0,0,1,0,0,0
117,105,16,0,0,0,4,12,0,0
60,148,8,0,0,0,8,0,0,0
122,119,1,0,0,0,1,0,0,0
135,24,1,0,0,0,1,0,0,0
156,55,1,0,0,0,1,0,0,0
116,3,3,0,0,0,3,0,0,0
77,105,2,0,0,0,2,0,0,0
156,161,5,0,0,0,4,0,0,1
161,76,1,0,0,0,1,0,0,0
161,0,5,0,0,0,2,0,0,3
161,51,4,0,0,0,3,0,0,1
154,18,2,0,0,0,2,0,0,0
13,41,2,0,0,0,2,0,0,0
161,13,1,0,0,0,1,0,0,0
147,18,3,0,0,0,3,0,0,0
69,44,3,0,0,0,3,0,0,0
133,59,2,0,0,0,2,0,0,0
77,60,4,0,0,0,3,1,0,0
8,113,1,0,0,0,1,0,0,0
121,148,2,0,0,0,2,0,0,0
11,148,11,0,0,0,11,0,0,0
108,121,2,0,0,0,2,0,0,0
108,30,3,0,0,0,3,0,0,0
108,21,2,0,0,0,2,0,0,0
21,148,2,0,0,0,2,0,0,0
11,59,1,0,0,0,1,0,0,0
140,41,1,0,0,0,1,0,0,0
140,11,1,0,0,0,1,0,0,0
141,11,1,0,0,0,1,0,0,0
39,29,2,0,0,0,2,0,0,0
69,24,2,0,0,0,1,1,0,0
51,122,4,0,0,0,3,1,0,0
122,24,3,0,0,0,1,2,0,0
3,122,2,0,0,0,2,0,0,0
54,24,2,0,0,0,2,0,0,0
144,147,1,0,0,0,1,0,0,0
125,147,2,0,0,0,2,0,0,0
144,18,5,0,0,0,3,0,0,2
3,144,2,0,0,0,2,0,0,0
144,136,1,0,0,0,1,0,0,0
108,144,14,0,0,0,14,0,0,0
10,144,21,0,0,0,17,0,0,4
141,1,3,0,0,0,3,0,0,0
141,10,6,0,0,0,6,0,0,0
10,65,10,0,0,0,10,0,0,0
108,65,2,0,0,0,2,0,0,0
65,105,4,0,0,0,4,0,0,0
3,154,13,0,0,0,13,0,0,0
10,142,1,0,0,0,1,0,0,0
65,142,2,0,0,0,2,0,0,0
142,24,3,0,0,0,3,0,0,0
3,142,4,0,0,0,4,0,0,0
144,105,8,0,0,0,8,0,0,0
144,24,8,0,0,0,8,0,0,0
41,1,3,0,0,0,1,2,0,0
113,105,2,0,0,0,2,0,0,0
105,137,3,0,0,0,3,0,0,0
0,137,63,0,0,0,25,22,14,2
104,105,3,0,0,0,3,0,0,0
104,11,5,0,0,0,4,1,0,0
162,105,1,0,0,0,1,0,0,0
8,154,2,0,0,0,2,0,0,0
8,147,3,0,0,0,3,0,0,0
10,147,2,0,0,0,2,0,0,0
10,137,33,0,0,0,12,6,11,4
137,60,20,0,0,0,1,14,4,1
141,137,1,0,0,0,1,0,0,0
137,1,10,0,0,0,2,2,6,0
108,140,3,0,0,0,3,0,0,0
92,45,2,0,0,0,2,0,0,0
0,149,27,0,0,0,2,21,2,2
149,45,3,0,0,0,1,1,0,1
137,44,2,0,0,0,2,0,0,0
152,18,5,0,0,0,3,2,0,0
63,156,2,0,0,0,2,0,0,0
144,52,2,0,0,0,2,0,0,0
118,56,1,0,0,0,1,0,0,0
30,44,1,0,0,0,1,0,0,0
30,147,4,0,0,0,4,0,0,0
134,153,2,0,0,0,2,0,0,0
30,152,2,0,0,0,2,0,0,0
134,3,7,0,0,0,7,0,0,0
109,110,2,0,0,0,1,1,0,0
27,49,3,0,0,0,3,0,0,0
55,27,6,0,0,0,2,0,4,0
131,49,1,0,0,0,1,0,0,0
54,1,4,0,0,0,1,3,0,0
81,49,4,0,0,0,1,0,0,3
125,49,3,0,0,0,3,0,0,0
125,1,18,0,0,0,18,0,0,0
140,9,1,0,0,0,1,0,0,0
141,0,2,0,0,0,2,0,0,0
154,27,8,0,0,0,8,0,0,0
12,148,2,0,0,0,2,0,0,0
140,148,1,0,0,0,1,0,0,0
140,49,1,0,0,0,1,0,0,0
105,49,4,0,0,0,4,0,0,0
86,105,2,0,0,0,1,1,0,0
3,148,1,0,0,0,1,0,0,0
108,13,2,0,0,0,2,0,0,0
30,105,1,0,0,0,1,0,0,0
125,62,3,0,0,0,3,0,0,0
108,62,2,0,0,0,2,0,0,0
13,105,3,0,0,0,3,0,0,0
13,56,3,0,0,0,3,0,0,0
108,12,2,0,0,0,2,0,0,0
30,1,2,0,0,0,1,1,0,0
10,27,29,0,0,0,2,4,12,11
105,148,1,0,0,0,1,0,0,0
77,13,1,0,0,0,1,0,0,0
152,1,2,0,0,0,2,0,0,0
156,1,6,0,0,0,4,0,0,2
39,1,3,0,0,0,3,0,0,0
125,154,3,0,0,0,3,0,0,0
23,46,1,0,0,0,1,0,0,0
134,46,2,0,0,0,2,0,0,0
55,4,3,0,0,0,3,0,0,0
163,1,7,0,0,0,0,7,0,0
164,11,10,0,0,0,0,10,0,0
165,11,3,0,0,0,0,3,0,0
163,56,10,0,0,0,0,10,0,0
10,149,7,0,0,0,0,7,0,0
149,166,1,0,0,0,0,1,0,0
166,60,27,0,0,0,0,19,8,0
167,60,1,0,0,0,0,1,0,0
51,7,6,0,0,0,0,4,0,2
2,18,3,0,0,0,0,3,0,0
125,2,7,0,0,0,0,7,0,0
23,2,7,0,0,0,0,5,0,2
2,10,10,0,0,0,0,4,5,1
8,20,1,0,0,0,0,1,0,0
10,84,4,0,0,0,0,3,1,0
20,84,6,0,0,0,0,6,0,0
10,20,8,0,0,0,0,8,0,0
9,20,1,0,0,0,0,1,0,0
4,18,13,0,0,0,0,13,0,0
110,4,2,0,0,0,0,2,0,0
15,105,1,0,0,0,0,1,0,0
105,4,11,0,0,0,0,11,0,0
117,4,5,0,0,0,0,5,0,0
117,168,38,0,0,0,0,18,6,14
169,168,10,0,0,0,0,1,2,7
11,168,20,0,0,0,0,18,2,0
170,168,3,0,0,0,0,3,0,0
32,168,4,0,0,0,0,4,0,0
117,18,6,0,0,0,0,6,0,0
23,168,1,0,0,0,0,1,0,0
9,168,8,0,0,0,0,3,5,0
172,132,1,0,0,0,0,1,0,0
117,132,13,0,0,0,0,4,1,8
0,168,103,0,0,0,0,60,18,25
168,18,10,0,0,0,0,3,5,2
169,18,9,0,0,0,0,2,0,7
39,168,3,0,0,0,0,3,0,0
0,172,6,0,0,0,0,5,0,1
0,171,3,0,0,0,0,3,0,0
117,7,2,0,0,0,0,2,0,0
172,117,1,0,0,0,0,1,0,0
105,168,9,0,0,0,0,7,0,2
39,117,2,0,0,0,0,2,0,0
84,51,13,0,0,0,0,3,3,7
84,0,63,0,0,0,0,21,20,22
43,168,1,0,0,0,0,1,0,0
156,43,5,0,0,0,0,1,2,2
156,28,2,0,0,0,0,2,0,0
22,156,38,0,0,0,0,3,12,23
23,18,7,0,0,0,0,3,2,2
116,173,3,0,0,0,0,3,0,0
10,173,14,0,0,0,0,9,0,5
51,173,30,0,0,0,0,9,6,15
173,44,21,0,0,0,0,7,8,6
168,56,25,0,0,0,0,14,2,9
22,168,9,0,0,0,0,2,7,0
22,11,2,0,0,0,0,2,0,0
84,11,17,0,0,0,0,14,3,0
85,168,4,0,0,0,0,4,0,0
40,168,16,0,0,0,0,8,4,4
84,42,5,0,0,0,0,3,0,2
84,43,11,0,0,0,0,9,0,2
116,84,1,0,0,0,0,1,0,0
22,85,1,0,0,0,0,1,0,0
22,117,18,0,0,0,0,6,6,6
51,168,23,0,0,0,0,9,3,11
2,168,2,0,0,0,0,2,0,0
2,117,1,0,0,0,0,1,0,0
134,22,2,0,0,0,0,2,0,0
22,84,3,0,0,0,0,3,0,0
84,44,23,0,0,0,0,7,5,11
84,85,3,0,0,0,0,3,0,0
9,84,4,0,0,0,0,1,1,2
116,168,2,0,0,0,0,2,0,0
85,1,6,0,0,0,0,4,0,2
117,85,6,0,0,0,0,5,0,1
22,10,7,0,0,0,0,3,3,1
22,1,4,0,0,0,0,4,0,0
22,30,2,0,0,0,0,2,0,0
10,168,7,0,0,0,0,4,3,0
83,117,5,0,0,0,0,5,0,0
83,11,1,0,0,0,0,1,0,0
9,26,2,0,0,0,0,2,0,0
142,56,2,0,0,0,0,2,0,0
42,142,1,0,0,0,0,1,0,0
173,11,80,0,0,0,0,62,0,18
109,85,1,0,0,0,0,1,0,0
172,105,1,0,0,0,0,1,0,0
84,18,2,0,0,0,0,2,0,0
42,173,5,0,0,0,0,5,0,0
43,173,1,0,0,0,0,1,0,0
173,96,9,0,0,0,0,5,1,3
9,173,26,0,0,0,0,17,5,4
0,173,134,0,0,0,0,40,46,48
173,168,1,0,0,0,0,1,0,0
175,27,1,0,0,0,0,1,0,0
81,27,3,0,0,0,0,1,0,2
175,0,67,0,0,0,0,24,6,37
175,11,16,0,0,0,0,10,3,3
173,1,19,0,0,0,0,6,0,13
0,176,90,0,0,0,0,2,40,48
169,176,4,0,0,0,0,1,0,3
0,169,35,0,0,0,0,11,0,24
22,29,4,0,0,0,0,2,1,1
169,56,3,0,0,0,0,2,0,1
169,11,4,0,0,0,0,4,0,0
169,85,5,0,0,0,0,4,0,1
172,56,1,0,0,0,0,1,0,0
30,92,1,0,0,0,0,1,0,0
117,177,1,0,0,0,0,1,0,0
177,110,1,0,0,0,0,1,0,0
9,177,2,0,0,0,0,2,0,0
20,177,3,0,0,0,0,3,0,0
20,27,1,0,0,0,0,1,0,0
0,177,1,0,0,0,0,1,0,0
26,56,5,0,0,0,0,3,0,2
0,26,9,0,0,0,0,6,3,0
83,30,2,0,0,0,0,2,0,0
30,56,1,0,0,0,0,1,0,0
30,55,2,0,0,0,0,2,0,0
86,18,5,0,0,0,0,5,0,0
173,81,1,0,0,0,0,1,0,0
8,39,2,0,0,0,0,2,0,0
42,168,8,0,0,0,0,6,0,2
42,172,4,0,0,0,0,4,0,0
8,18,5,0,0,0,0,4,1,0
8,85,3,0,0,0,0,3,0,0
10,172,1,0,0,0,0,1,0,0
10,169,8,0,0,0,0,7,0,1
169,29,1,0,0,0,0,1,0,0
84,117,3,0,0,0,0,2,0,1
83,109,1,0,0,0,0,1,0,0
109,9,2,0,0,0,0,2,0,0
3,171,1,0,0,0,0,1,0,0
160,10,19,0,0,0,0,1,0,18
22,123,5,0,0,0,0,5,0,0
109,11,1,0,0,0,0,1,0,0
109,105,2,0,0,0,0,2,0,0
83,40,4,0,0,0,0,4,0,0
109,56,4,0,0,0,0,4,0,0
173,56,1,0,0,0,0,1,0,0
116,23,1,0,0,0,0,1,0,0
46,56,3,0,0,0,0,3,0,0
88,171,5,0,0,0,0,5,0,0
10,88,6,0,0,0,0,6,0,0
40,105,6,0,0,0,0,6,0,0
44,168,41,0,0,0,0,13,7,21
165,45,2,0,0,0,0,2,0,0
9,165,4,0,0,0,0,2,0,2
40,165,3,0,0,0,0,3,0,0
0,164,177,0,0,0,0,78,23,76
9,164,19,0,0,0,0,10,3,6
0,178,7,0,0,0,0,4,3,0
178,45,1,0,0,0,0,1,0,0
40,178,1,0,0,0,0,1,0,0
9,179,1,0,0,0,0,1,0,0
45,179,3,0,0,0,0,3,0,0
44,179,3,0,0,0,0,3,0,0
51,179,6,0,0,0,0,6,0,0
116,142,8,0,0,0,0,8,0,0
178,44,6,0,0,0,0,6,0,0
39,178,1,0,0,0,0,1,0,0
116,164,3,0,0,0,0,3,0,0
164,44,49,0,0,0,0,25,6,18
51,164,40,0,0,0,0,23,5,12
55,168,7,0,0,0,0,4,3,0
164,142,1,0,0,0,0,1,0,0
3,164,2,0,0,0,0,1,0,1
40,164,18,0,0,0,0,16,2,0
164,52,5,0,0,0,0,2,0,3
120,45,2,0,0,0,0,2,0,0
51,163,104,0,0,0,0,95,0,9
44,163,44,0,0,0,0,37,2,5
10,57,1,0,0,0,0,1,0,0
57,36,2,0,0,0,0,2,0,0
90,44,5,0,0,0,0,5,0,0
10,163,31,0,0,0,0,29,2,0
0,163,270,0,0,0,0,251,8,11
119,163,5,0,0,0,0,5,0,0
37,163,2,0,0,0,0,2,0,0
0,179,4,0,0,0,0,4,0,0
58,18,7,0,0,0,0,4,3,0
10,58,8,0,0,0,0,6,2,0
125,58,1,0,0,0,0,1,0,0
125,67,2,0,0,0,0,2,0,0
45,29,5,0,0,0,0,4,1,0
58,1,3,0,0,0,0,3,0,0
42,163,18,0,0,0,0,18,0,0
43,163,17,0,0,0,0,17,0,0
128,179,1,0,0,0,0,1,0,0
128,51,19,0,0,0,0,19,0,0
128,45,10,0,0,0,0,10,0,0
58,111,2,0,0,0,0,2,0,0
63,60,1,0,0,0,0,1,0,0
9,163,30,0,0,0,0,25,1,4
67,163,6,0,0,0,0,6,0,0
45,163,15,0,0,0,0,13,2,0
58,163,6,0,0,0,0,6,0,0
125,163,2,0,0,0,0,2,0,0
12,163,32,0,0,0,0,32,0,0
116,10,4,0,0,0,0,4,0,0
51,70,10,0,0,0,0,9,0,1
9,46,8,0,0,0,0,8,0,0
46,18,1,0,0,0,0,1,0,0
26,44,4,0,0,0,0,2,0,2
164,1,3,0,0,0,0,2,0,1
164,119,3,0,0,0,0,3,0,0
10,102,4,0,0,0,0,4,0,0
102,120,1,0,0,0,0,1,0,0
120,44,13,0,0,0,0,1,12,0
51,120,10,0,0,0,0,2,8,0
120,58,4,0,0,0,0,4,0,0
11,163,32,0,0,0,0,30,1,1
94,44,3,0,0,0,0,3,0,0
128,163,4,0,0,0,0,4,0,0
128,61,2,0,0,0,0,2,0,0
51,171,8,0,0,0,0,8,0,0
171,18,1,0,0,0,0,1,0,0
122,44,3,0,0,0,0,3,0,0
72,69,1,0,0,0,0,1,0,0
97,44,6,0,0,0,0,6,0,0
97,95,4,0,0,0,0,4,0,0
97,43,4,0,0,0,0,4,0,0
29,163,1,0,0,0,0,1,0,0
41,163,3,0,0,0,0,3,0,0
132,163,3,0,0,0,0,3,0,0
63,163,4,0,0,0,0,4,0,0
42,70,3,0,0,0,0,3,0,0
64,163,5,0,0,0,0,5,0,0
97,64,1,0,0,0,0,1,0,0
64,43,3,0,0,0,0,3,0,0
111,163,20,0,0,0,0,20,0,0
60,163,29,0,0,0,0,29,0,0
72,12,3,0,0,0,0,3,0,0
30,29,3,0,0,0,0,3,0,0
8,163,11,0,0,0,0,9,0,2
3,163,44,0,0,0,0,44,0,0
163,18,6,0,0,0,0,6,0,0
110,155,1,0,0,0,0,1,0,0
110,44,12,0,0,0,0,4,0,8
9,124,1,0,0,0,0,1,0,0
88,124,1,0,0,0,0,1,0,0
70,124,2,0,0,0,0,2,0,0
45,119,2,0,0,0,0,2,0,0
37,178,1,0,0,0,0,1,0,0
47,37,2,0,0,0,0,2,0,0
37,70,6,0,0,0,0,3,3,0
128,1,2,0,0,0,0,2,0,0
37,1,1,0,0,0,0,1,0,0
10,180,4,0,0,0,0,3,1,0
0,181,7,0,0,0,0,5,2,0
10,181,1,0,0,0,0,1,0,0
125,181,2,0,0,0,0,2,0,0
1,181,3,0,0,0,0,3,0,0
128,180,2,0,0,0,0,2,0,0
9,180,6,0,0,0,0,6,0,0
0,180,12,0,0,0,0,9,2,1
51,180,5,0,0,0,0,5,0,0
177,18,5,0,0,0,0,5,0,0
46,110,1,0,0,0,0,1,0,0
90,18,1,0,0,0,0,1,0,0
44,180,4,0,0,0,0,2,2,0
44,181,1,0,0,0,0,1,0,0
43,124,1,0,0,0,0,1,0,0
30,178,1,0,0,0,0,1,0,0
164,45,17,0,0,0,0,4,5,8
40,163,10,0,0,0,0,9,0,1
43,181,1,0,0,0,0,1,0,0
102,181,2,0,0,0,0,2,0,0
102,51,10,0,0,0,0,4,6,0
102,163,1,0,0,0,0,1,0,0
128,102,3,0,0,0,0,3,0,0
182,181,2,0,0,0,0,2,0,0
51,182,4,0,0,0,0,2,2,0
8,180,2,0,0,0,0,2,0,0
102,42,9,0,0,0,0,9,0,0
102,37,4,0,0,0,0,4,0,0
40,37,2,0,0,0,0,2,0,0
40,52,2,0,0,0,0,2,0,0
63,39,4,0,0,0,0,4,0,0
63,3,2,0,0,0,0,2,0,0
12,29,1,0,0,0,0,1,0,0
39,12,6,0,0,0,0,6,0,0
39,18,2,0,0,0,0,2,0,0
55,149,1,0,0,0,0,1,0,0
9,149,3,0,0,0,0,1,2,0
26,45,2,0,0,0,0,2,0,0
122,163,1,0,0,0,0,1,0,0
122,60,3,0,0,0,0,1,2,0
11,171,2,0,0,0,0,2,0,0
51,94,3,0,0,0,0,1,2,0
77,39,3,0,0,0,0,3,0,0
128,42,1,0,0,0,0,1,0,0
67,43,2,0,0,0,0,2,0,0
128,40,13,0,0,0,0,5,5,3
182,1,2,0,0,0,0,2,0,0
0,182,8,0,0,0,0,6,2,0
43,182,2,0,0,0,0,2,0,0
8,40,6,0,0,0,0,3,3,0
89,178,3,0,0,0,0,3,0,0
128,183,6,0,0,0,0,6,0,0
0,183,13,0,0,0,0,11,2,0
9,183,3,0,0,0,0,3,0,0
23,178,1,0,0,0,0,1,0,0
90,45,2,0,0,0,0,2,0,0
45,71,3,0,0,0,0,3,0,0
51,178,5,0,0,0,0,5,0,0
164,36,3,0,0,0,0,3,0,0
95,164,1,0,0,0,0,1,0,0
97,164,2,0,0,0,0,2,0,0
95,13,2,0,0,0,0,2,0,0
130,129,1,0,0,0,0,1,0,0
130,53,1,0,0,0,0,1,0,0
130,54,2,0,0,0,0,2,0,0
12,129,1,0,0,0,0,1,0,0
47,129,3,0,0,0,0,3,0,0
70,129,1,0,0,0,0,1,0,0
97,56,3,0,0,0,0,3,0,0
94,46,1,0,0,0,0,1,0,0
129,44,4,0,0,0,0,4,0,0
0,129,8,0,0,0,0,8,0,0
54,72,2,0,0,0,0,2,0,0
95,55,2,0,0,0,0,1,1,0
97,68,5,0,0,0,0,5,0,0
53,43,2,0,0,0,0,2,0,0
43,68,2,0,0,0,0,2,0,0
55,163,13,0,0,0,0,13,0,0
30,163,5,0,0,0,0,5,0,0
97,53,1,0,0,0,0,1,0,0
40,129,3,0,0,0,0,3,0,0
97,129,2,0,0,0,0,2,0,0
3,26,2,0,0,0,0,2,0,0
10,184,8,0,0,0,0,8,0,0
3,184,6,0,0,0,0,6,0,0
184,18,3,0,0,0,0,3,0,0
131,44,2,0,0,0,0,2,0,0
185,131,3,0,0,0,0,3,0,0
185,1,2,0,0,0,0,2,0,0
185,51,4,0,0,0,0,4,0,0
185,44,1,0,0,0,0,1,0,0
185,3,2,0,0,0,0,2,0,0
9,185,1,0,0,0,0,1,0,0
8,65,1,0,0,0,0,1,0,0
163,24,13,0,0,0,0,13,0,0
65,163,3,0,0,0,0,3,0,0
8,9,4,0,0,0,0,2,2,0
88,46,1,0,0,0,0,1,0,0
88,37,2,0,0,0,0,2,0,0
37,119,2,0,0,0,0,2,0,0
3,111,6,0,0,0,0,6,0,0
69,163,2,0,0,0,0,2,0,0
128,67,1,0,0,0,0,1,0,0
128,58,2,0,0,0,0,2,0,0
12,61,1,0,0,0,0,1,0,0
104,85,2,0,0,0,0,2,0,0
10,174,25,0,0,0,0,14,6,5
0,174,58,0,0,0,0,26,11,21
174,11,13,0,0,0,0,4,2,7
86,174,2,0,0,0,0,2,0,0
88,12,2,0,0,0,0,2,0,0
149,11,2,0,0,0,0,2,0,0
104,163,2,0,0,0,0,2,0,0
40,174,2,0,0,0,0,1,0,1
149,163,3,0,0,0,0,3,0,0
42,149,7,0,0,0,0,6,1,0
23,149,4,0,0,0,0,3,1,0
83,43,4,0,0,0,0,1,0,3
43,149,2,0,0,0,0,2,0,0
40,149,6,0,0,0,0,6,0,0
105,149,1,0,0,0,0,1,0,0
88,168,4,0,0,0,0,4,0,0
85,29,2,0,0,0,0,2,0,0
42,29,1,0,0,0,0,1,0,0
43,29,2,0,0,0,0,2,0,0
43,1,1,0,0,0,0,1,0,0
174,44,10,0,0,0,0,2,4,4
45,174,1,0,0,0,0,1,0,0
149,44,15,0,0,0,0,14,0,1
43,117,12,0,0,0,0,1,0,11
77,42,1,0,0,0,0,1,0,0
8,173,4,0,0,0,0,4,0,0
175,10,7,0,0,0,0,3,4,0
78,149,2,0,0,0,0,2,0,0
78,18,2,0,0,0,0,2,0,0
23,45,11,0,0,0,0,9,1,1
175,45,12,0,0,0,0,9,2,1
173,45,2,0,0,0,0,2,0,0
0,166,47,0,0,0,0,36,8,3
81,60,9,0,0,0,0,2,2,5
84,105,7,0,0,0,0,2,0,5
166,44,2,0,0,0,0,2,0,0
166,1,7,0,0,0,0,3,0,4
51,166,9,0,0,0,0,6,0,3
166,11,6,0,0,0,0,6,0,0
132,168,9,0,0,0,0,3,5,1
44,114,2,0,0,0,0,2,0,0
60,168,11,0,0,0,0,3,8,0
60,180,2,0,0,0,0,2,0,0
182,60,1,0,0,0,0,1,0,0
44,182,1,0,0,0,0,1,0,0
128,113,3,0,0,0,0,3,0,0
128,60,12,0,0,0,0,12,0,0
125,60,1,0,0,0,0,1,0,0
44,171,3,0,0,0,0,3,0,0
9,171,2,0,0,0,0,2,0,0
9,166,2,0,0,0,0,1,0,1
175,92,4,0,0,0,0,4,0,0
51,149,10,0,0,0,0,8,1,1
70,163,1,0,0,0,0,1,0,0
45,166,1,0,0,0,0,1,0,0
9,69,4,0,0,0,0,1,3,0
125,69,2,0,0,0,0,2,0,0
175,18,4,0,0,0,0,4,0,0
159,11,1,0,0,0,0,1,0,0
128,159,4,0,0,0,0,4,0,0
178,133,1,0,0,0,0,1,0,0
178,29,2,0,0,0,0,2,0,0
128,133,2,0,0,0,0,2,0,0
133,1,4,0,0,0,0,3,0,1
23,164,3,0,0,0,0,3,0,0
164,133,5,0,0,0,0,5,0,0
133,179,1,0,0,0,0,1,0,0
45,1,19,0,0,0,0,5,8,6
125,159,1,0,0,0,0,1,0,0
125,40,2,0,0,0,0,2,0,0
43,46,1,0,0,0,0,1,0,0
42,180,1,0,0,0,0,1,0,0
37,59,1,0,0,0,0,1,0,0
37,56,2,0,0,0,0,2,0,0
2,60,1,0,0,0,0,1,0,0
64,111,3,0,0,0,0,3,0,0
10,75,3,0,0,0,0,3,0,0
75,163,2,0,0,0,0,2,0,0
75,51,6,0,0,0,0,6,0,0
75,29,2,0,0,0,0,2,0,0
75,119,6,0,0,0,0,6,0,0
75,111,4,0,0,0,0,1,3,0
9,75,1,0,0,0,0,1,0,0
9,110,5,0,0,0,0,2,0,3
67,110,3,0,0,0,0,3,0,0
77,163,1,0,0,0,0,1,0,0
30,12,2,0,0,0,0,2,0,0
183,163,12,0,0,0,0,12,0,0
10,183,10,0,0,0,0,10,0,0
9,169,2,0,0,0,0,2,0,0
169,163,6,0,0,0,0,6,0,0
183,12,8,0,0,0,0,8,0,0
104,169,1,0,0,0,0,1,0,0
12,174,4,0,0,0,0,4,0,0
37,18,3,0,0,0,0,3,0,0
51,103,2,0,0,0,0,1,1,0
9,103,1,0,0,0,0,1,0,0
53,102,2,0,0,0,0,2,0,0
51,129,1,0,0,0,0,1,0,0
42,129,1,0,0,0,0,1,0,0
105,163,1,0,0,0,0,1,0,0
10,166,6,0,0,0,0,4,2,0
13,183,1,0,0,0,0,1,0,0
128,23,2,0,0,0,0,2,0,0
55,129,4,0,0,0,0,4,0,0
129,60,4,0,0,0,0,4,0,0
15,60,24,0,0,0,0,4,0,20
128,116,2,0,0,0,0,2,0,0
183,18,4,0,0,0,0,4,0,0
183,44,3,0,0,0,0,3,0,0
17,137,1,0,0,0,0,1,0,0
15,137,2,0,0,0,0,2,0,0
137,11,4,0,0,0,0,2,2,0
173,117,5,0,0,0,0,5,0,0
117,163,1,0,0,0,0,1,0,0
117,137,5,0,0,0,0,5,0,0
42,167,1,0,0,0,0,1,0,0
43,167,2,0,0,0,0,2,0,0
64,42,2,0,0,0,0,2,0,0
42,12,3,0,0,0,0,3,0,0
8,129,1,0,0,0,0,1,0,0
13,129,1,0,0,0,0,1,0,0
13,163,2,0,0,0,0,2,0,0
43,166,3,0,0,0,0,3,0,0
129,18,3,0,0,0,0,3,0,0
128,36,4,0,0,0,0,4,0,0
46,52,1,0,0,0,0,1,0,0
72,46,2,0,0,0,0,2,0,0
3,52,2,0,0,0,0,2,0,0
167,3,22,0,0,0,0,10,11,1
167,0,36,0,0,0,0,27,5,4
167,51,22,0,0,0,0,20,2,0
167,24,12,0,0,0,0,11,1,0
186,24,4,0,0,0,0,4,0,0
0,186,3,0,0,0,0,2,0,1
3,186,6,0,0,0,0,6,0,0
75,24,2,0,0,0,0,2,0,0
10,186,1,0,0,0,0,1,0,0
74,186,2,0,0,0,0,2,0,0
75,186,1,0,0,0,0,1,0,0
79,6,1,0,0,0,0,1,0,0
102,44,8,0,0,0,0,1,7,0
55,62,2,0,0,0,0,2,0,0
187,45,3,0,0,0,0,3,0,0
187,149,1,0,0,0,0,1,0,0
12,7,4,0,0,0,0,1,0,3
66,12,1,0,0,0,0,1,0,0
67,119,1,0,0,0,0,1,0,0
0,187,5,0,0,0,0,5,0,0
187,163,2,0,0,0,0,2,0,0
10,187,1,0,0,0,0,1,0,0
44,188,2,0,0,0,0,2,0,0
0,188,12,0,0,0,0,12,0,0
64,188,2,0,0,0,0,2,0,0
8,187,1,0,0,0,0,1,0,0
8,188,2,0,0,0,0,2,0,0
55,188,2,0,0,0,0,2,0,0
109,188,3,0,0,0,0,3,0,0
110,163,5,0,0,0,0,2,0,3
187,188,2,0,0,0,0,2,0,0
187,44,3,0,0,0,0,3,0,0
3,188,1,0,0,0,0,1,0,0
11,188,1,0,0,0,0,1,0,0
3,103,2,0,0,0,0,2,0,0
3,94,2,0,0,0,0,2,0,0
3,70,6,0,0,0,0,3,0,3
90,13,1,0,0,0,0,1,0,0
9,188,1,0,0,0,0,1,0,0
3,76,2,0,0,0,0,2,0,0
12,149,4,0,0,0,0,3,1,0
164,59,1,0,0,0,0,1,0,0
164,163,1,0,0,0,0,1,0,0
36,163,3,0,0,0,0,3,0,0
59,163,4,0,0,0,0,4,0,0
53,45,2,0,0,0,0,2,0,0
53,164,3,0,0,0,0,3,0,0
164,55,4,0,0,0,0,1,3,0
186,163,5,0,0,0,0,5,0,0
74,11,2,0,0,0,0,2,0,0
74,9,1,0,0,0,0,1,0,0
51,186,2,0,0,0,0,2,0,0
167,186,1,0,0,0,0,1,0,0
9,167,5,0,0,0,0,5,0,0
40,167,1,0,0,0,0,1,0,0
167,44,4,0,0,0,0,4,0,0
164,62,12,0,0,0,0,1,0,11
40,81,2,0,0,0,0,2,0,0
175,9,12,0,0,0,0,3,3,6
175,55,9,0,0,0,0,3,2,4
175,1,26,0,0,0,0,4,9,13
55,171,2,0,0,0,0,2,0,0
171,1,3,0,0,0,0,3,0,0
162,51,4,0,0,0,0,3,0,1
162,0,31,0,0,0,0,12,0,19
162,9,1,0,0,0,0,1,0,0
81,45,1,0,0,0,0,1,0,0
162,45,1,0,0,0,0,1,0,0
162,11,3,0,0,0,0,3,0,0
169,45,2,0,0,0,0,2,0,0
175,51,33,0,0,0,0,2,4,27
189,1,6,0,0,0,0,3,3,0
175,104,1,0,0,0,0,1,0,0
9,174,9,0,0,0,0,6,0,3
13,149,1,0,0,0,0,1,0,0
10,17,17,0,0,0,0,3,4,10
10,21,1,0,0,0,0,1,0,0
21,174,2,0,0,0,0,2,0,0
86,1,2,0,0,0,0,2,0,0
174,60,7,0,0,0,0,1,2,4
190,11,7,0,0,0,0,3,4,0
173,60,9,0,0,0,0,4,1,4
168,1,9,0,0,0,0,3,3,3
169,1,4,0,0,0,0,4,0,0
23,60,9,0,0,0,0,1,7,1
173,18,10,0,0,0,0,3,7,0
104,137,2,0,0,0,0,2,0,0
13,29,2,0,0,0,0,2,0,0
64,40,3,0,0,0,0,3,0,0
76,163,2,0,0,0,0,2,0,0
165,52,1,0,0,0,0,1,0,0
54,89,1,0,0,0,0,1,0,0
102,55,4,0,0,0,0,1,3,0
54,37,1,0,0,0,0,1,0,0
66,40,2,0,0,0,0,1,1,0
116,66,3,0,0,0,0,3,0,0
40,39,3,0,0,0,0,3,0,0
40,142,6,0,0,0,0,4,2,0
7,18,5,0,0,0,0,5,0,0
168,4,2,0,0,0,0,2,0,0
191,11,1,0,0,0,0,0,1,0
9,176,7,0,0,0,0,0,3,4
189,190,1,0,0,0,0,0,1,0
190,1,20,0,0,0,0,0,12,8
175,60,24,0,0,0,0,0,24,0
190,60,13,0,0,0,0,0,13,0
190,49,3,0,0,0,0,0,3,0
175,190,16,0,0,0,0,0,10,6
175,33,1,0,0,0,0,0,1,0
175,81,8,0,0,0,0,0,2,6
81,190,3,0,0,0,0,0,2,1
55,190,9,0,0,0,0,0,3,6
30,176,2,0,0,0,0,0,2,0
10,176,30,0,0,0,0,0,15,15
11,25,1,0,0,0,0,0,1,0
10,25,7,0,0,0,0,0,5,2
7,25,2,0,0,0,0,0,1,1
2,25,6,0,0,0,0,0,2,4
10,28,1,0,0,0,0,0,1,0
28,11,3,0,0,0,0,0,1,2
173,4,13,0,0,0,0,0,13,0
175,4,2,0,0,0,0,0,2,0
0,193,13,0,0,0,0,0,13,0
0,194,208,0,0,0,0,0,206,2
0,192,8,0,0,0,0,0,8,0
10,192,6,0,0,0,0,0,6,0
192,1,1,0,0,0,0,0,1,0
10,193,6,0,0,0,0,0,6,0
193,27,2,0,0,0,0,0,2,0
10,194,44,0,0,0,0,0,44,0
193,194,5,0,0,0,0,0,5,0
11,194,8,0,0,0,0,0,8,0
193,163,2,0,0,0,0,0,2,0
194,36,2,0,0,0,0,0,2,0
33,194,2,0,0,0,0,0,2,0
194,1,27,0,0,0,0,0,19,8
10,85,2,0,0,0,0,0,2,0
83,194,1,0,0,0,0,0,1,0
9,194,25,0,0,0,0,0,25,0
44,194,64,0,0,0,0,0,62,2
191,56,2,0,0,0,0,0,1,1
83,191,1,0,0,0,0,0,1,0
83,21,1,0,0,0,0,0,1,0
156,56,47,0,0,0,0,0,33,14
156,40,18,0,0,0,0,0,11,7
175,44,15,0,0,0,0,0,1,14
38,56,2,0,0,0,0,0,2,0
117,38,1,0,0,0,0,0,1,0
85,24,2,0,0,0,0,0,1,1
35,56,1,0,0,0,0,0,1,0
35,44,2,0,0,0,0,0,2,0
35,85,1,0,0,0,0,0,1,0
9,35,2,0,0,0,0,0,2,0
3,35,4,0,0,0,0,0,4,0
40,35,5,0,0,0,0,0,5,0
0,35,4,0,0,0,0,0,4,0
55,35,2,0,0,0,0,0,2,0
35,190,2,0,0,0,0,0,2,0
51,35,3,0,0,0,0,0,3,0
87,195,5,0,0,0,0,0,5,0
87,27,5,0,0,0,0,0,5,0
87,18,3,0,0,0,0,0,3,0
87,1,16,0,0,0,0,0,15,1
161,40,2,0,0,0,0,0,1,1
156,142,2,0,0,0,0,0,2,0
35,27,1,0,0,0,0,0,1,0
15,45,1,0,0,0,0,0,1,0
45,194,13,0,0,0,0,0,13,0
194,196,7,0,0,0,0,0,7,0
0,196,25,0,0,0,0,0,25,0
36,196,3,0,0,0,0,0,3,0
197,0,51,0,0,0,0,0,51,0
197,36,2,0,0,0,0,0,2,0
197,45,3,0,0,0,0,0,3,0
40,194,15,0,0,0,0,0,15,0
23,194,3,0,0,0,0,0,3,0
197,194,3,0,0,0,0,0,3,0
197,18,3,0,0,0,0,0,3,0
191,18,2,0,0,0,0,0,2,0
191,194,1,0,0,0,0,0,1,0
194,18,4,0,0,0,0,0,4,0
29,194,2,0,0,0,0,0,2,0
40,196,5,0,0,0,0,0,5,0
18,196,2,0,0,0,0,0,2,0
37,180,2,0,0,0,0,0,2,0
55,196,10,0,0,0,0,0,10,0
54,196,4,0,0,0,0,0,4,0
54,194,2,0,0,0,0,0,2,0
197,55,4,0,0,0,0,0,4,0
69,56,2,0,0,0,0,0,2,0
45,69,2,0,0,0,0,0,2,0
69,196,5,0,0,0,0,0,5,0
8,69,2,0,0,0,0,0,2,0
53,196,1,0,0,0,0,0,1,0
53,69,3,0,0,0,0,0,3,0
8,168,1,0,0,0,0,0,1,0
3,168,4,0,0,0,0,0,1,3
55,194,23,0,0,0,0,0,23,0
75,71,1,0,0,0,0,0,1,0
194,60,20,0,0,0,0,0,20,0
71,1,1,0,0,0,0,0,1,0
192,71,2,0,0,0,0,0,2,0
44,196,4,0,0,0,0,0,4,0
8,194,3,0,0,0,0,0,3,0
51,194,41,0,0,0,0,0,40,1
52,194,1,0,0,0,0,0,1,0
103,11,1,0,0,0,0,0,1,0
103,194,2,0,0,0,0,0,2,0
198,51,13,0,0,0,0,0,13,0
198,194,5,0,0,0,0,0,5,0
198,55,1,0,0,0,0,0,1,0
198,0,14,0,0,0,0,0,14,0
198,15,1,0,0,0,0,0,1,0
8,111,1,0,0,0,0,0,1,0
0,93,22,0,0,0,0,0,22,0
10,93,15,0,0,0,0,0,15,0
8,93,1,0,0,0,0,0,1,0
9,93,7,0,0,0,0,0,7,0
8,199,2,0,0,0,0,0,2,0
199,93,12,0,0,0,0,0,12,0
9,199,3,0,0,0,0,0,3,0
96,93,1,0,0,0,0,0,1,0
93,36,1,0,0,0,0,0,1,0
93,100,2,0,0,0,0,0,2,0
107,93,1,0,0,0,0,0,1,0
199,1,17,0,0,0,0,0,17,0
107,199,3,0,0,0,0,0,3,0
107,194,4,0,0,0,0,0,4,0
51,114,1,0,0,0,0,0,1,0
197,51,12,0,0,0,0,0,12,0
197,44,15,0,0,0,0,0,15,0
197,4,2,0,0,0,0,0,2,0
79,51,2,0,0,0,0,0,2,0
79,18,1,0,0,0,0,0,1,0
197,196,1,0,0,0,0,0,1,0
197,9,7,0,0,0,0,0,7,0
23,137,4,0,0,0,0,0,4,0
113,124,4,0,0,0,0,0,4,0
84,168,2,0,0,0,0,0,2,0
0,201,10,0,0,0,0,0,10,0
95,201,13,0,0,0,0,0,13,0
9,201,1,0,0,0,0,0,1,0
3,201,2,0,0,0,0,0,2,0
51,201,5,0,0,0,0,0,5,0
87,95,1,0,0,0,0,0,1,0
201,13,2,0,0,0,0,0,2,0
3,95,1,0,0,0,0,0,1,0
201,12,4,0,0,0,0,0,4,0
95,12,4,0,0,0,0,0,4,0
87,12,4,0,0,0,0,0,4,0
10,95,8,0,0,0,0,0,8,0
174,76,4,0,0,0,0,0,4,0
76,11,5,0,0,0,0,0,5,0
149,174,5,0,0,0,0,0,5,0
95,76,3,0,0,0,0,0,3,0
55,137,2,0,0,0,0,0,2,0
26,36,1,0,0,0,0,0,1,0
27,26,1,0,0,0,0,0,1,0
0,107,2,0,0,0,0,0,2,0
202,10,12,0,0,0,0,0,12,0
202,1,6,0,0,0,0,0,6,0
202,0,4,0,0,0,0,0,4,0
202,9,2,0,0,0,0,0,2,0
94,149,1,0,0,0,0,0,1,0
67,40,17,0,0,0,0,0,12,5
203,67,2,0,0,0,0,0,2,0
203,44,6,0,0,0,0,0,6,0
203,0,12,0,0,0,0,0,12,0
204,0,11,0,0,0,0,0,3,8
40,205,1,0,0,0,0,0,1,0
70,180,2,0,0,0,0,0,2,0
40,181,1,0,0,0,0,0,1,0
203,181,4,0,0,0,0,0,4,0
203,205,2,0,0,0,0,0,2,0
205,0,11,0,0,0,0,0,11,0
205,180,2,0,0,0,0,0,2,0
182,180,2,0,0,0,0,0,2,0
205,182,1,0,0,0,0,0,1,0
205,55,2,0,0,0,0,0,2,0
21,181,1,0,0,0,0,0,1,0
198,44,4,0,0,0,0,0,4,0
200,44,6,0,0,0,0,0,6,0
200,194,1,0,0,0,0,0,1,0
42,194,5,0,0,0,0,0,5,0
43,194,2,0,0,0,0,0,2,0
51,200,1,0,0,0,0,0,1,0
0,200,7,0,0,0,0,0,7,0
164,178,2,0,0,0,0,0,2,0
164,99,1,0,0,0,0,0,1,0
164,194,5,0,0,0,0,0,5,0
164,18,4,0,0,0,0,0,2,2
95,119,1,0,0,0,0,0,1,0
164,191,1,0,0,0,0,0,1,0
0,191,7,0,0,0,0,0,7,0
197,182,2,0,0,0,0,0,2,0
164,111,3,0,0,0,0,0,3,0
75,164,1,0,0,0,0,0,1,0
194,111,1,0,0,0,0,0,1,0
55,166,1,0,0,0,0,0,1,0
62,56,2,0,0,0,0,0,2,0
132,62,2,0,0,0,0,0,2,0
22,62,3,0,0,0,0,0,3,0
48,156,7,0,0,0,0,0,3,4
206,156,1,0,0,0,0,0,1,0
206,8,2,0,0,0,0,0,2,0
156,42,11,0,0,0,0,0,4,7
206,0,1,0,0,0,0,0,1,0
195,117,8,0,0,0,0,0,8,0
195,1,8,0,0,0,0,0,1,7
156,60,4,0,0,0,0,0,2,2
206,60,3,0,0,0,0,0,3,0
156,168,6,0,0,0,0,0,4,2
156,132,9,0,0,0,0,0,3,6
156,117,7,0,0,0,0,0,2,5
110,168,4,0,0,0,0,0,3,1
41,191,3,0,0,0,0,0,3,0
85,41,1,0,0,0,0,0,1,0
176,18,4,0,0,0,0,0,2,2
41,176,1,0,0,0,0,0,1,0
117,176,4,0,0,0,0,0,2,2
176,56,8,0,0,0,0,0,1,7
8,176,1,0,0,0,0,0,1,0
10,114,1,0,0,0,0,0,1,0
195,51,9,0,0,0,0,0,2,7
195,0,44,0,0,0,0,0,7,37
195,55,10,0,0,0,0,0,2,8
51,191,2,0,0,0,0,0,2,0
0,199,13,0,0,0,0,0,13,0
199,36,2,0,0,0,0,0,2,0
10,199,3,0,0,0,0,0,3,0
27,194,1,0,0,0,0,0,1,0
104,174,2,0,0,0,0,0,2,0
103,44,2,0,0,0,0,0,2,0
102,194,4,0,0,0,0,0,4,0
103,62,1,0,0,0,0,0,1,0
103,55,1,0,0,0,0,0,1,0
103,45,1,0,0,0,0,0,1,0
149,29,1,0,0,0,0,0,1,0
42,13,1,0,0,0,0,0,1,0
43,13,4,0,0,0,0,0,4,0
12,194,6,0,0,0,0,0,3,3
13,194,2,0,0,0,0,0,2,0
9,59,2,0,0,0,0,0,2,0
3,61,1,0,0,0,0,0,1,0
197,56,2,0,0,0,0,0,2,0
197,10,2,0,0,0,0,0,2,0
197,37,1,0,0,0,0,0,1,0
76,44,3,0,0,0,0,0,3,0
203,40,2,0,0,0,0,0,2,0
203,197,1,0,0,0,0,0,1,0
203,9,1,0,0,0,0,0,1,0
55,182,1,0,0,0,0,0,1,0
40,182,1,0,0,0,0,0,1,0
164,12,9,0,0,0,0,0,2,7
197,40,3,0,0,0,0,0,3,0
197,164,2,0,0,0,0,0,2,0
37,12,1,0,0,0,0,0,1,0
37,164,5,0,0,0,0,0,5,0
197,13,1,0,0,0,0,0,1,0
55,191,1,0,0,0,0,0,1,0
77,173,18,0,0,0,0,0,18,0
173,55,9,0,0,0,0,0,9,0
203,18,2,0,0,0,0,0,2,0
10,164,6,0,0,0,0,0,6,0
199,194,1,0,0,0,0,0,1,0
0,207,3,0,0,0,0,0,3,0
207,1,13,0,0,0,0,0,11,2
208,1,4,0,0,0,0,0,4,0
208,207,3,0,0,0,0,0,3,0
27,36,2,0,0,0,0,0,2,0
207,27,1,0,0,0,0,0,1,0
208,0,1,0,0,0,0,0,1,0
87,207,1,0,0,0,0,0,1,0
207,199,1,0,0,0,0,0,1,0
55,183,1,0,0,0,0,0,1,0
84,60,13,0,0,0,0,0,7,6
192,18,1,0,0,0,0,0,1,0
3,194,27,0,0,0,0,0,27,0
194,62,6,0,0,0,0,0,6,0
26,194,4,0,0,0,0,0,4,0
79,24,2,0,0,0,0,0,2,0
194,24,7,0,0,0,0,0,7,0
79,194,5,0,0,0,0,0,5,0
26,1,1,0,0,0,0,0,1,0
193,1,1,0,0,0,0,0,1,0
52,1,7,0,0,0,0,0,1,6
0,139,8,0,0,0,0,0,1,7
83,86,1,0,0,0,0,0,1,0
23,201,1,0,0,0,0,0,1,0
197,23,2,0,0,0,0,0,2,0
201,18,2,0,0,0,0,0,2,0
40,95,1,0,0,0,0,0,1,0
66,94,1,0,0,0,0,0,1,0
197,95,1,0,0,0,0,0,1,0
53,99,2,0,0,0,0,0,2,0
99,60,2,0,0,0,0,0,2,0
198,18,3,0,0,0,0,0,3,0
16,60,5,0,0,0,0,0,3,2
40,200,2,0,0,0,0,0,2,0
40,60,3,0,0,0,0,0,3,0
55,111,1,0,0,0,0,0,1,0
55,127,8,0,0,0,0,0,8,0
3,21,4,0,0,0,0,0,4,0
113,192,2,0,0,0,0,0,2,0
164,27,2,0,0,0,0,0,2,0
9,94,2,0,0,0,0,0,2,0
10,129,1,0,0,0,0,0,1,0
87,129,2,0,0,0,0,0,2,0
87,10,1,0,0,0,0,0,1,0
127,194,1,0,0,0,0,0,1,0
10,96,1,0,0,0,0,0,1,0
209,10,4,0,0,0,0,0,4,0
10,195,4,0,0,0,0,0,3,1
209,55,2,0,0,0,0,0,2,0
209,40,1,0,0,0,0,0,1,0
209,0,5,0,0,0,0,0,1,4
65,60,2,0,0,0,0,0,2,0
121,60,1,0,0,0,0,0,1,0
195,13,1,0,0,0,0,0,1,0
40,195,4,0,0,0,0,0,4,0
9,195,8,0,0,0,0,0,8,0
22,13,1,0,0,0,0,0,1,0
22,195,1,0,0,0,0,0,1,0
40,117,8,0,0,0,0,0,6,2
164,76,2,0,0,0,0,0,2,0
40,76,1,0,0,0,0,0,1,0
164,60,5,0,0,0,0,0,1,4
22,45,2,0,0,0,0,0,2,0
195,60,3,0,0,0,0,0,1,2
22,12,4,0,0,0,0,0,4,0
195,56,2,0,0,0,0,0,2,0
195,12,2,0,0,0,0,0,2,0
83,22,7,0,0,0,0,0,4,3
9,76,2,0,0,0,0,0,2,0
0,210,16,0,0,0,0,0,1,15
195,11,2,0,0,0,0,0,2,0
195,168,3,0,0,0,0,0,3,0
132,56,4,0,0,0,0,0,2,2
126,55,1,0,0,0,0,0,1,0
3,62,7,0,0,0,0,0,7,0
12,191,1,0,0,0,0,0,1,0
45,76,2,0,0,0,0,0,2,0
81,18,2,0,0,0,0,0,2,0
54,41,3,0,0,0,0,0,3,0
36,62,1,0,0,0,0,0,1,0
169,105,1,0,0,0,0,0,1,0
75,11,1,0,0,0,0,0,1,0
191,1,2,0,0,0,0,0,2,0
176,4,4,0,0,0,0,0,4,0
3,176,5,0,0,0,0,0,5,0
51,176,33,0,0,0,0,0,1,32
9,14,6,0,0,0,0,0,1,5
23,14,2,0,0,0,0,0,1,1
23,156,3,0,0,0,0,0,3,0
31,14,9,0,0,0,0,0,0,9
14,211,4,0,0,0,0,0,0,4
14,165,7,0,0,0,0,0,0,7
28,211,3,0,0,0,0,0,0,3
60,212,6,0,0,0,0,0,0,6
1,212,5,0,0,0,0,0,0,5
0,212,26,0,0,0,0,0,0,26
162,212,1,0,0,0,0,0,0,1
176,1,1,0,0,0,0,0,0,1
175,132,2,0,0,0,0,0,0,2
175,117,5,0,0,0,0,0,0,5
21,1,1,0,0,0,0,0,0,1
112,5,1,0,0,0,0,0,0,1
10,213,9,0,0,0,0,0,0,9
214,10,10,0,0,0,0,0,0,10
160,214,2,0,0,0,0,0,0,2
27,136,1,0,0,0,0,0,0,1
10,136,13,0,0,0,0,0,0,13
215,170,3,0,0,0,0,0,0,3
10,170,5,0,0,0,0,0,0,5
170,136,3,0,0,0,0,0,0,3
160,136,3,0,0,0,0,0,0,3
50,136,3,0,0,0,0,0,0,3
0,25,8,0,0,0,0,0,0,8
4,25,1,0,0,0,0,0,0,1
169,4,6,0,0,0,0,0,0,6
32,4,4,0,0,0,0,0,0,4
32,7,3,0,0,0,0,0,0,3
32,25,2,0,0,0,0,0,0,2
2,167,2,0,0,0,0,0,0,2
32,2,2,0,0,0,0,0,0,2
169,117,8,0,0,0,0,0,0,8
84,169,1,0,0,0,0,0,0,1
204,169,2,0,0,0,0,0,0,2
156,105,4,0,0,0,0,0,0,4
105,7,2,0,0,0,0,0,0,2
84,7,2,0,0,0,0,0,0,2
43,105,2,0,0,0,0,0,0,2
83,105,2,0,0,0,0,0,0,2
42,132,3,0,0,0,0,0,0,3
51,169,8,0,0,0,0,0,0,8
169,44,11,0,0,0,0,0,0,11
83,39,1,0,0,0,0,0,0,1
0,216,7,0,0,0,0,0,0,7
3,216,2,0,0,0,0,0,0,2
175,168,1,0,0,0,0,0,0,1
9,216,5,0,0,0,0,0,0,5
132,1,1,0,0,0,0,0,0,1
3,132,4,0,0,0,0,0,0,4
3,169,1,0,0,0,0,0,0,1
51,132,7,0,0,0,0,0,0,7
132,60,3,0,0,0,0,0,0,3
47,56,2,0,0,0,0,0,0,2
83,42,1,0,0,0,0,0,0,1
210,44,4,0,0,0,0,0,0,4
40,169,1,0,0,0,0,0,0,1
84,40,3,0,0,0,0,0,0,3
175,210,2,0,0,0,0,0,0,2
22,8,1,0,0,0,0,0,0,1
84,156,1,0,0,0,0,0,0,1
22,169,1,0,0,0,0,0,0,1
51,217,1,0,0,0,0,0,0,1
156,218,9,0,0,0,0,0,0,9
218,56,2,0,0,0,0,0,0,2
217,56,3,0,0,0,0,0,0,3
217,218,1,0,0,0,0,0,0,1
161,217,2,0,0,0,0,0,0,2
156,217,4,0,0,0,0,0,0,4
217,41,3,0,0,0,0,0,0,3
22,161,5,0,0,0,0,0,0,5
48,161,4,0,0,0,0,0,0,4
157,18,3,0,0,0,0,0,0,3
157,0,20,0,0,0,0,0,0,20
157,142,1,0,0,0,0,0,0,1
22,218,3,0,0,0,0,0,0,3
42,161,2,0,0,0,0,0,0,2
218,44,1,0,0,0,0,0,0,1
42,24,2,0,0,0,0,0,0,2
6,18,1,0,0,0,0,0,0,1
83,217,1,0,0,0,0,0,0,1
110,56,2,0,0,0,0,0,0,2
44,176,26,0,0,0,0,0,0,26
219,176,5,0,0,0,0,0,0,5
220,10,4,0,0,0,0,0,0,4
220,176,1,0,0,0,0,0,0,1
176,36,2,0,0,0,0,0,0,2
220,219,1,0,0,0,0,0,0,1
219,10,4,0,0,0,0,0,0,4
219,44,10,0,0,0,0,0,0,10
220,44,5,0,0,0,0,0,0,5
220,51,6,0,0,0,0,0,0,6
219,51,6,0,0,0,0,0,0,6
83,168,2,0,0,0,0,0,0,2
42,164,2,0,0,0,0,0,0,2
164,211,6,0,0,0,0,0,0,6
0,211,50,0,0,0,0,0,0,50
165,164,7,0,0,0,0,0,0,7
44,211,21,0,0,0,0,0,0,21
165,211,2,0,0,0,0,0,0,2
211,18,4,0,0,0,0,0,0,4
210,211,4,0,0,0,0,0,0,4
156,210,1,0,0,0,0,0,0,1
9,210,1,0,0,0,0,0,0,1
156,195,2,0,0,0,0,0,0,2
22,217,3,0,0,0,0,0,0,3
164,56,4,0,0,0,0,0,0,4
51,211,30,0,0,0,0,0,0,30
144,165,2,0,0,0,0,0,0,2
144,211,1,0,0,0,0,0,0,1
144,164,1,0,0,0,0,0,0,1
50,144,8,0,0,0,0,0,0,8
157,144,7,0,0,0,0,0,0,7
144,1,1,0,0,0,0,0,0,1
40,38,4,0,0,0,0,0,0,4
157,44,1,0,0,0,0,0,0,1
40,70,3,0,0,0,0,0,0,3
215,10,13,0,0,0,0,0,0,13
215,0,14,0,0,0,0,0,0,14
215,29,3,0,0,0,0,0,0,3
215,9,2,0,0,0,0,0,0,2
9,170,3,0,0,0,0,0,0,3
170,133,3,0,0,0,0,0,0,3
215,133,3,0,0,0,0,0,0,3
210,133,7,0,0,0,0,0,0,7
10,210,11,0,0,0,0,0,0,11
204,56,1,0,0,0,0,0,0,1
204,215,4,0,0,0,0,0,0,4
215,210,6,0,0,0,0,0,0,6
215,136,3,0,0,0,0,0,0,3
214,0,10,0,0,0,0,0,0,10
170,0,4,0,0,0,0,0,0,4
215,213,1,0,0,0,0,0,0,1
204,213,2,0,0,0,0,0,0,2
214,215,3,0,0,0,0,0,0,3
214,170,2,0,0,0,0,0,0,2
149,210,3,0,0,0,0,0,0,3
170,210,1,0,0,0,0,0,0,1
214,149,2,0,0,0,0,0,0,2
213,210,2,0,0,0,0,0,0,2
214,213,11,0,0,0,0,0,0,11
214,204,2,0,0,0,0,0,0,2
170,213,2,0,0,0,0,0,0,2
160,215,2,0,0,0,0,0,0,2
31,215,4,0,0,0,0,0,0,4
160,31,4,0,0,0,0,0,0,4
31,10,18,0,0,0,0,0,0,18
214,31,5,0,0,0,0,0,0,5
31,210,3,0,0,0,0,0,0,3
210,136,3,0,0,0,0,0,0,3
31,136,5,0,0,0,0,0,0,5
214,133,2,0,0,0,0,0,0,2
204,10,3,0,0,0,0,0,0,3
204,136,1,0,0,0,0,0,0,1
31,133,6,0,0,0,0,0,0,6
215,14,2,0,0,0,0,0,0,2
112,210,1,0,0,0,0,0,0,1
14,210,2,0,0,0,0,0,0,2
204,14,1,0,0,0,0,0,0,1
10,15,6,0,0,0,0,0,0,6
164,155,1,0,0,0,0,0,0,1
169,110,1,0,0,0,0,0,0,1
51,110,7,0,0,0,0,0,0,7
162,44,5,0,0,0,0,0,0,5
219,162,2,0,0,0,0,0,0,2
166,18,2,0,0,0,0,0,0,2
139,1,8,0,0,0,0,0,0,8
17,7,1,0,0,0,0,0,0,1
31,0,27,0,0,0,0,0,0,27
14,11,1,0,0,0,0,0,0,1
112,11,1,0,0,0,0,0,0,1
31,17,4,0,0,0,0,0,0,4
31,51,14,0,0,0,0,0,0,14
51,210,4,0,0,0,0,0,0,4
96,56,3,0,0,0,0,0,0,3
84,173,16,0,0,0,0,0,0,16
189,0,3,0,0,0,0,0,0,3
189,26,1,0,0,0,0,0,0,1
173,26,1,0,0,0,0,0,0,1
173,27,1,0,0,0,0,0,0,1
51,190,4,0,0,0,0,0,0,4
189,173,1,0,0,0,0,0,0,1
3,173,2,0,0,0,0,0,0,2
219,173,2,0,0,0,0,0,0,2
219,0,5,0,0,0,0,0,0,5
51,17,5,0,0,0,0,0,0,5
213,11,1,0,0,0,0,0,0,1
213,1,2,0,0,0,0,0,0,2
14,213,1,0,0,0,0,0,0,1
60,62,3,0,0,0,0,0,0,3
173,29,2,0,0,0,0,0,0,2
51,174,17,0,0,0,0,0,0,17
51,38,13,0,0,0,0,0,0,13
157,1,10,0,0,0,0,0,0,10
0,221,10,0,0,0,0,0,0,10
222,51,6,0,0,0,0,0,0,6
222,0,12,0,0,0,0,0,0,12
51,221,7,0,0,0,0,0,0,7
221,11,6,0,0,0,0,0,0,6
221,44,2,0,0,0,0,0,0,2
222,10,2,0,0,0,0,0,0,2
222,44,10,0,0,0,0,0,0,10
44,212,7,0,0,0,0,0,0,7
51,212,9,0,0,0,0,0,0,9
222,9,3,0,0,0,0,0,0,3
163,212,3,0,0,0,0,0,0,3
221,163,7,0,0,0,0,0,0,7
56,212,2,0,0,0,0,0,0,2
222,163,16,0,0,0,0,0,0,16
222,212,5,0,0,0,0,0,0,5
173,212,1,0,0,0,0,0,0,1
87,208,1,0,0,0,0,0,0,1
216,168,2,0,0,0,0,0,0,2
223,216,2,0,0,0,0,0,0,2
223,9,4,0,0,0,0,0,0,4
9,34,7,0,0,0,0,0,0,7
34,216,4,0,0,0,0,0,0,4
67,223,3,0,0,0,0,0,0,3
223,60,2,0,0,0,0,0,0,2
34,60,1,0,0,0,0,0,0,1
60,216,3,0,0,0,0,0,0,3
29,216,4,0,0,0,0,0,0,4
28,1,3,0,0,0,0,0,0,3
28,216,2,0,0,0,0,0,0,2
67,34,8,0,0,0,0,0,0,8
223,34,3,0,0,0,0,0,0,3
10,216,2,0,0,0,0,0,0,2
223,0,2,0,0,0,0,0,0,2
223,18,2,0,0,0,0,0,0,2
223,29,2,0,0,0,0,0,0,2
165,56,2,0,0,0,0,0,0,2
165,174,4,0,0,0,0,0,0,4
174,36,3,0,0,0,0,0,0,3
23,50,1,0,0,0,0,0,0,1
144,27,4,0,0,0,0,0,0,4
50,27,2,0,0,0,0,0,0,2
14,27,3,0,0,0,0,0,0,3
14,44,4,0,0,0,0,0,0,4
112,44,3,0,0,0,0,0,0,3
31,112,4,0,0,0,0,0,0,4
3,17,2,0,0,0,0,0,0,2
15,21,1,0,0,0,0,0,0,1
16,21,2,0,0,0,0,0,0,2
31,11,1,0,0,0,0,0,0,1
157,51,2,0,0,0,0,0,0,2
14,51,8,0,0,0,0,0,0,8
31,1,1,0,0,0,0,0,0,1
31,9,1,0,0,0,0,0,0,1
50,51,3,0,0,0,0,0,0,3
50,0,9,0,0,0,0,0,0,9
160,14,1,0,0,0,0,0,0,1
112,14,1,0,0,0,0,0,0,1
112,213,2,0,0,0,0,0,0,2
31,213,1,0,0,0,0,0,0,1
31,50,6,0,0,0,0,0,0,6
50,1,2,0,0,0,0,0,0,2
14,50,2,0,0,0,0,0,0,2
214,50,1,0,0,0,0,0,0,1
50,18,3,0,0,0,0,0,0,3
51,139,2,0,0,0,0,0,0,2
3,110,3,0,0,0,0,0,0,3
0,165,20,0,0,0,0,0,0,20
220,27,2,0,0,0,0,0,0,2
220,0,5,0,0,0,0,0,0,5
14,155,3,0,0,0,0,0,0,3
9,50,3,0,0,0,0,0,0,3
10,165,4,0,0,0,0,0,0,4
51,165,7,0,0,0,0,0,0,7
22,211,4,0,0,0,0,0,0,4
156,211,2,0,0,0,0,0,0,2
165,44,2,0,0,0,0,0,0,2
9,211,6,0,0,0,0,0,0,6
22,165,2,0,0,0,0,0,0,2
220,165,1,0,0,0,0,0,0,1
220,211,1,0,0,0,0,0,0,1
27,211,7,0,0,0,0,0,0,7
149,211,3,0,0,0,0,0,0,3
220,9,2,0,0,0,0,0,0,2
165,114,1,0,0,0,0,0,0,1
107,44,3,0,0,0,0,0,0,3
51,107,6,0,0,0,0,0,0,6
107,137,5,0,0,0,0,0,0,5
220,1,1,0,0,0,0,0,0,1
15,44,3,0,0,0,0,0,0,3
46,70,2,0,0,0,0,0,0,2
46,117,1,0,0,0,0,0,0,1
42,169,3,0,0,0,0,0,0,3
0,224,5,0,0,0,0,0,0,5
195,44,3,0,0,0,0,0,0,3
96,224,1,0,0,0,0,0,0,1
224,18,1,0,0,0,0,0,0,1
195,224,7,0,0,0,0,0,0,7
224,36,3,0,0,0,0,0,0,3
36,4,2,0,0,0,0,0,0,2
2,195,2,0,0,0,0,0,0,2
195,29,1,0,0,0,0,0,0,1
34,1,2,0,0,0,0,0,0,2
195,34,3,0,0,0,0,0,0,3
34,96,3,0,0,0,0,0,0,3
55,224,2,0,0,0,0,0,0,2
162,1,1,0,0,0,0,0,0,1
190,29,2,0,0,0,0,0,0,2
81,29,4,0,0,0,0,0,0,4
51,96,2,0,0,0,0,0,0,2
81,96,2,0,0,0,0,0,0,2
9,190,2,0,0,0,0,0,0,2
189,9,1,0,0,0,0,0,0,1
175,195,7,0,0,0,0,0,0,7
195,96,2,0,0,0,0,0,0,2
175,164,3,0,0,0,0,0,0,3
8,38,1,0,0,0,0,0,0,1
8,34,4,0,0,0,0,0,0,4
67,96,2,0,0,0,0,0,0,2
28,96,1,0,0,0,0,0,0,1
28,51,6,0,0,0,0,0,0,6
67,164,6,0,0,0,0,0,0,6
34,44,19,0,0,0,0,0,0,19
34,55,1,0,0,0,0,0,0,1
77,38,4,0,0,0,0,0,0,4
22,77,5,0,0,0,0,0,0,5
77,156,4,0,0,0,0,0,0,4
22,67,4,0,0,0,0,0,0,4
67,156,4,0,0,0,0,0,0,4
81,38,1,0,0,0,0,0,0,1
175,34,5,0,0,0,0,0,0,5
34,51,35,0,0,0,0,0,0,35
175,96,3,0,0,0,0,0,0,3
175,49,4,0,0,0,0,0,0,4
195,190,4,0,0,0,0,0,0,4
77,190,1,0,0,0,0,0,0,1
0,190,2,0,0,0,0,0,0,2
175,77,3,0,0,0,0,0,0,3
190,44,2,0,0,0,0,0,0,2
175,22,1,0,0,0,0,0,0,1
175,156,2,0,0,0,0,0,0,2
22,164,1,0,0,0,0,0,0,1
67,77,2,0,0,0,0,0,0,2
77,164,1,0,0,0,0,0,0,1
34,38,1,0,0,0,0,0,0,1
210,38,3,0,0,0,0,0,0,3
34,210,1,0,0,0,0,0,0,1
156,34,6,0,0,0,0,0,0,6
22,34,15,0,0,0,0,0,0,15
77,34,1,0,0,0,0,0,0,1
28,38,1,0,0,0,0,0,0,1
175,38,1,0,0,0,0,0,0,1
113,1,4,0,0,0,0,0,0,4
157,113,2,0,0,0,0,0,0,2
9,157,1,0,0,0,0,0,0,1
50,44,2,0,0,0,0,0,0,2
156,164,2,0,0,0,0,0,0,2
34,11,1,0,0,0,0,0,0,1
22,38,4,0,0,0,0,0,0,4
164,38,1,0,0,0,0,0,0,1
204,22,1,0,0,0,0,0,0,1
23,210,4,0,0,0,0,0,0,4
52,211,2,0,0,0,0,0,0,2
34,132,2,0,0,0,0,0,0,2
51,216,1,0,0,0,0,0,0,1
28,18,3,0,0,0,0,0,0,3
28,117,3,0,0,0,0,0,0,3
34,18,4,0,0,0,0,0,0,4
225,34,10,0,0,0,0,0,0,10
225,0,5,0,0,0,0,0,0,5
225,51,3,0,0,0,0,0,0,3
225,44,3,0,0,0,0,0,0,3
225,8,1,0,0,0,0,0,0,1
207,182,1,0,0,0,0,0,0,1
175,28,1,0,0,0,0,0,0,1
160,44,3,0,0,0,0,0,0,3
160,9,8,0,0,0,0,0,0,8
160,79,2,0,0,0,0,0,0,2
160,1,3,0,0,0,0,0,0,3
160,51,4,0,0,0,0,0,0,4
160,50,2,0,0,0,0,0,0,2
214,51,1,0,0,0,0,0,0,1
160,58,1,0,0,0,0,0,0,1
160,45,2,0,0,0,0,0,0,2
209,53,2,0,0,0,0,0,0,2
214,45,4,0,0,0,0,0,0,4
28,45,1,0,0,0,0,0,0,1
160,42,1,0,0,0,0,0,0,1
128,164,10,0,0,0,0,0,0,10
128,64,2,0,0,0,0,0,0,2
164,21,1,0,0,0,0,0,0,1
209,1,1,0,0,0,0,0,0,1
27,12,1,0,0,0,0,0,0,1
209,18,1,0,0,0,0,0,0,1
209,12,5,0,0,0,0,0,0,5
175,12,5,0,0,0,0,0,0,5
209,164,2,0,0,0,0,0,0,2
64,164,6,0,0,0,0,0,0,6
64,194,3,0,0,0,0,0,0,3
62,1,4,0,0,0,0,0,0,4
64,52,2,0,0,0,0,0,0,2
12,59,2,0,0,0,0,0,0,2
193,36,1,0,0,0,0,0,0,1
156,169,2,0,0,0,0,0,0,2
117,41,3,0,0,0,0,0,0,3
40,85,2,0,0,0,0,0,0,2
122,36,1,0,0,0,0,0,0,1
90,12,1,0,0,0,0,0,0,1
83,132,1,0,0,0,0,0,0,1
57,52,1,0,0,0,0,0,0,1
113,59,1,0,0,0,0,0,0,1
160,162,1,0,0,0,0,0,0,1
162,168,5,0,0,0,0,0,0,5
8,53,2,0,0,0,0,0,0,2
8,81,1,0,0,0,0,0,0,1
162,119,1,0,0,0,0,0,0,1
8,167,1,0,0,0,0,0,0,1
164,58,1,0,0,0,0,0,0,1
139,60,2,0,0,0,0,0,0,2
38,60,3,0,0,0,0,0,0,3
75,13,1,0,0,0,0,0,0,1
15,7,11,0,0,0,0,0,0,11
7,60,14,0,0,0,0,0,0,14
8,15,1,0,0,0,0,0,0,1
15,36,1,0,0,0,0,0,0,1
17,36,1,0,0,0,0,0,0,1
15,81,2,0,0,0,0,0,0,2
9,16,3,0,0,0,0,0,0,3
16,15,1,0,0,0,0,0,0,1
15,96,1,0,0,0,0,0,0,1
10,159,5,0,0,0,0,0,0,5
159,60,1,0,0,0,0,0,0,1
10,107,1,0,0,0,0,0,0,1
50,15,2,0,0,0,0,0,0,2
67,174,1,0,0,0,0,0,0,1
10,47,3,0,0,0,0,0,0,3
90,55,1,0,0,0,0,0,0,1
53,90,2,0,0,0,0,0,0,2
90,54,3,0,0,0,0,0,0,3
91,45,2,0,0,0,0,0,0,2
117,212,4,0,0,0,0,0,0,4
11,212,2,0,0,0,0,0,0,2
3,212,3,0,0,0,0,0,0,3
162,3,1,0,0,0,0,0,0,1
79,212,3,0,0,0,0,0,0,3
162,139,1,0,0,0,0,0,0,1
139,212,2,0,0,0,0,0,0,2
175,3,1,0,0,0,0,0,0,1
45,100,1,0,0,0,0,0,0,1
167,1,3,0,0,0,0,0,0,3
113,186,1,0,0,0,0,0,0,1
175,40,1,0,0,0,0,0,0,1
175,56,1,0,0,0,0,0,0,1
175,85,1,0,0,0,0,0,0,1
169,164,2,0,0,0,0,0,0,2
172,1,1,0,0,0,0,0,0,1
8,75,1,0,0,0,0,0,0,1
75,167,2,0,0,0,0,0,0,2
40,17,2,0,0,0,0,0,0,2
17,18,1,0,0,0,0,0,0,1
17,45,2,0,0,0,0,0,0,2
